SMILES,Actual,Predicted,Error,AbsError
OCC3OC(OCC2OC(OC(C#N)c1ccccc1)C(O)C(O)C2O)C(O)C(O)C3O ,-0.77,-0.35989138,-0.4101086151599884,0.4101086151599884
Cc1occc1C(=O)Nc2ccccc2,-3.3,-2.592281,-0.7077188968658445,0.7077188968658445
CC(C)=CCCC(C)=CC(=O),-2.06,-2.9587667,0.8987666988372802,0.8987666988372802
c1ccc2c(c1)ccc3c2ccc4c5ccccc5ccc43,-7.87,-7.4647536,-0.4052463722229005,0.4052463722229005
c1ccsc1,-1.33,-0.47541007,-0.8545899260044099,0.8545899260044099
c2ccc1scnc1c2 ,-1.5,-1.4364653,-0.06353473663330078,0.06353473663330078
Clc1cc(Cl)c(c(Cl)c1)c2c(Cl)cccc2Cl,-7.32,-7.714034,0.3940340805053708,0.3940340805053708
CC12CCC3C(CCc4cc(O)ccc34)C2CCC1O,-5.03,-4.9251537,-0.10484626770019556,0.10484626770019556
ClC4=C(Cl)C5(Cl)C3C1CC(C2OC12)C3C4(Cl)C5(Cl)Cl,-6.29,-6.8952427,0.605242691040039,0.605242691040039
COc5cc4OCC3Oc2c1CC(Oc1ccc2C(=O)C3c4cc5OC)C(C)=C ,-4.42,-5.9556084,1.535608367919922,1.535608367919922
O=C1CCCN1,1.07,-0.7482207,1.818220682144165,1.818220682144165
Clc1ccc2ccccc2c1,-4.14,-4.7278085,0.5878084754943851,0.5878084754943851
CCCC=C,-2.68,-2.5546496,-0.1253504085540773,0.1253504085540773
CCC1(C(=O)NCNC1=O)c2ccccc2,-2.64,-2.6249697,-0.015030279159546023,0.015030279159546023
CCCCCCCCCCCCCC,-7.96,-6.314007,-1.645993194580078,1.645993194580078
CC(C)Cl,-1.41,-1.6803343,0.2703343296051026,0.2703343296051026
CCC(C)CO,-0.47,-1.1459051,0.6759051370620728,0.6759051370620728
N#Cc1ccccc1,-1.0,-1.6298785,0.6298785209655762,0.6298785209655762
CCOP(=S)(OCC)Oc1cc(C)nc(n1)C(C)C,-3.64,-4.9566293,1.3166292762756346,1.3166292762756346
CCCCCCCCCC(C)O,-2.94,-2.9160724,-0.023927631378173775,0.023927631378173775
Clc1ccc(c(Cl)c1)c2c(Cl)ccc(Cl)c2Cl ,-7.43,-7.6223035,0.1923034858703616,0.1923034858703616
O=c2[nH]c1CCCc1c(=O)n2C3CCCCC3,-4.593999999999999,-3.7939646,-0.8000353755950922,0.8000353755950922
CCOP(=S)(OCC)SCSCC,-4.11,-4.144843,0.034843101501464524,0.034843101501464524
CCOc1ccc(NC(=O)C)cc1,-2.35,-2.2915547,-0.058445310592651456,0.058445310592651456
CCN(CC)c1c(cc(c(N)c1N(=O)=O)C(F)(F)F)N(=O)=O,-5.47,-5.0372577,-0.4327423286437986,0.4327423286437986
CCCCCCCO,-1.81,-3.8454862,2.0354861640930175,2.0354861640930175
Cn1c(=O)n(C)c2nc[nH]c2c1=O,-1.39,-1.654083,0.264083013534546,0.264083013534546
CCCCC1(CC)C(=O)NC(=O)NC1=O,-1.661,-1.4452828,-0.21571718311309818,0.21571718311309818
ClC(Cl)=C(c1ccc(Cl)cc1)c2ccc(Cl)cc2,-6.9,-7.4025407,0.5025406837463375,0.5025406837463375
CCCCCCCC(=O)OC,-3.17,-1.359127,-1.8108729553222656,1.8108729553222656
CCc1ccc(CC)cc1,-3.75,-4.0050416,0.25504159927368164,0.25504159927368164
CCOP(=S)(OCC)SCSC(C)(C)C,-4.755,-4.5482183,-0.2067817497253417,0.2067817497253417
COC(=O)Nc1cccc(OC(=O)Nc2cccc(C)c2)c1,-4.805,-4.399596,-0.4054037857055661,0.4054037857055661
ClC(=C)Cl,-1.64,-1.6381881,-0.0018118762969969726,0.0018118762969969726
Cc1cccc2c1Cc3ccccc32,-5.22,-5.4946074,0.2746074485778811,0.2746074485778811
CCCCC=O,-0.85,-0.5545685,-0.29543147087097166,0.29543147087097166
N(c1ccccc1)c2ccccc2,-3.504,-3.8679242,0.3639242134094238,0.3639242134094238
CN(C)C(=O)SCCCCOc1ccccc1,-3.927,-3.4030602,-0.5239398021697999,0.5239398021697999
CCCOP(=S)(OCCC)SCC(=O)N1CCCCC1C,-4.15,-4.403318,0.25331792831420863,0.25331792831420863
CCCCCCCI,-4.81,-3.9855764,-0.8244236087799068,0.8244236087799068
c1c(Cl)cccc1c2ccccc2,-4.88,-4.8185935,-0.06140649795532216,0.06140649795532216
OCCCC=C,-0.15,-1.7197554,1.5697554111480714,1.5697554111480714
O=C2NC(=O)C1(CCC1)C(=O)N2,-1.655,-2.0309923,0.3759922695159912,0.3759922695159912
CC(C)C1CCC(C)CC1O ,-2.53,-2.6471922,0.11719223976135273,0.11719223976135273
CC(C)OC=O,-0.63,-0.3447507,-0.28524929761886597,0.28524929761886597
CCCCCC(C)O,-1.55,-0.86109316,-0.6889068365097046,0.6889068365097046
CC(=O)Nc1ccc(Br)cc1,-3.083,-3.2108707,0.12787074279785138,0.12787074279785138
c1ccccc1n2ncc(N)c(Br)c2(=O),-3.127,-3.3660495,0.23904952812194846,0.23904952812194846
COC(=O)C1=C(C)NC(=C(C1c2ccccc2N(=O)=O)C(=O)OC)C ,-4.76,-4.3134904,-0.4465096092224119,0.4465096092224119
c2c(C)cc1nc(C)ccc1c2 ,-1.94,-3.9189475,1.978947458267212,1.978947458267212
CCCCCCC#C,-3.66,-2.420106,-1.2398940658569337,1.2398940658569337
CCC1(C(=O)NC(=O)NC1=O)C2=CCCCC2 ,-2.17,-2.3482301,0.17823012351989753,0.17823012351989753
c1ccc2c(c1)ccc3c4ccccc4ccc23,-8.057,-7.1135144,-0.9434855766296391,0.9434855766296391
CCC(C)n1c(=O)[nH]c(C)c(Br)c1=O ,-2.523,-2.7220786,0.19907856178283678,0.19907856178283678
Clc1cccc(c1Cl)c2c(Cl)c(Cl)cc(Cl)c2Cl ,-8.6,-7.644625,-0.9553748130798336,0.9553748130798336
Cc1ccccc1O,-0.62,-0.5823269,-0.03767311096191406,0.03767311096191406
CC(C)CCC(C)(C)C,-5.05,-4.142966,-0.9070342063903807,0.9070342063903807
Cc1ccc(C)c2ccccc12,-4.14,-4.25149,0.11149011611938509,0.11149011611938509
Cc1cc2c3ccccc3ccc2c4ccccc14,-6.57,-7.418719,0.8487188148498532,0.8487188148498532
CCCC(=O)C,-0.19,-1.0017875,0.811787543296814,0.811787543296814
Clc1cc(Cl)c(Cl)c(c1Cl)c2c(Cl)c(Cl)cc(Cl)c2Cl ,-9.15,-7.7897315,-1.3602684974670414,1.3602684974670414
CCCOC(=O)CC,-0.82,-1.374392,0.5543920326232911,0.5543920326232911
CC34CC(O)C1(F)C(CCC2=CC(=O)C=CC12C)C3CC(O)C4(O)C(=O)CO,-3.68,-3.9181693,0.23816926002502425,0.23816926002502425
Nc1ccc(O)cc1,-0.8,-0.58927834,-0.2107216596603394,0.2107216596603394
O=C(Cn1ccnc1N(=O)=O)NCc2ccccc2,-2.81,-3.1252296,0.31522959709167475,0.31522959709167475
OC4=C(C1CCC(CC1)c2ccc(Cl)cc2)C(=O)c3ccccc3C4=O,-5.931,-6.402442,0.4714419784545898,0.4714419784545898
CCNc1nc(Cl)nc(n1)N(CC)CC,-4.06,-2.8152854,-1.244714555740356,1.244714555740356
NC(=O)c1cnccn1,-0.667,-1.0795732,0.41257315444946285,0.41257315444946285
CCC(Br)(CC)C(=O)NC(N)=O,-2.68,-1.9218519,-0.758148126602173,0.758148126602173
Clc1ccccc1c2ccccc2Cl ,-5.27,-4.5182576,-0.7517423820495601,0.7517423820495601
O=C2CN(N=Cc1ccc(o1)N(=O)=O)C(=O)N2 ,-3.38,-2.958186,-0.421814088821411,0.421814088821411
Clc2ccc(Oc1ccc(cc1)N(=O)=O)c(Cl)c2,-5.46,-5.8895545,0.429554500579834,0.429554500579834
CC1(C)C2CCC1(C)C(=O)C2,-1.96,-3.2300477,1.2700477027893067,1.2700477027893067
O=C1NC(=O)NC(=O)C1(CC=C)c1ccccc1,-2.369,-2.798962,0.42996211624145486,0.42996211624145486
CCCCC(=O)OCC,-2.25,-1.8429029,-0.40709710121154785,0.40709710121154785
CC(C)CCOC(=O)C,-1.92,-1.5312353,-0.3887646627426147,0.3887646627426147
O=C1N(COC(=O)CCCCC)C(=O)C(N1)(c2ccccc2)c3ccccc3,-5.886,-5.46892,-0.4170797691345216,0.4170797691345216
Clc1cccc(c1)c2cc(Cl)ccc2Cl ,-6.01,-6.859136,0.8491361045837404,0.8491361045837404
CCCBr,-1.73,-1.1615949,-0.5684051322937012,0.5684051322937012
CCCC1COC(Cn2cncn2)(O1)c3ccc(Cl)cc3Cl,-3.4930000000000003,-3.3505259,-0.14247414398193392,0.14247414398193392
COP(=S)(OC)SCC(=O)N(C)C=O,-1.995,-1.4111352,-0.5838648033142091,0.5838648033142091
Cc1ncnc2nccnc12,-0.466,-1.0150733,0.549073299407959,0.549073299407959
NC(=S)N,0.32,-0.94358885,1.2635888528823853,1.2635888528823853
Cc1ccc(C)cc1,-2.77,-2.5262992,-0.24370076179504396,0.24370076179504396
CCc1ccccc1CC,-3.28,-3.9339507,0.6539506626129152,0.6539506626129152
ClC(Cl)(Cl)C(Cl)(Cl)Cl,-3.67,-3.4175508,-0.25244919776916497,0.25244919776916497
CC(C)C(C(=O)OC(C#N)c1cccc(Oc2ccccc2)c1)c3ccc(OC(F)F)cc3,-6.876,-5.997849,-0.8781510124206546,0.8781510124206546
CCCN(=O)=O,-0.8,-0.49595577,-0.3040442347526551,0.3040442347526551
CC(C)C1CCC(C)CC1=O,-2.35,-2.8347657,0.48476567268371573,0.48476567268371573
CCN2c1cc(Cl)ccc1NC(=O)c3cccnc23 ,-5.36,-4.718121,-0.6418789482116702,0.6418789482116702
O=N(=O)c1c(Cl)c(Cl)ccc1,-3.48,-4.1556907,0.6756906700134278,0.6756906700134278
CCCC(C)C1(CC=C)C(=O)NC(=S)NC1=O ,-3.46,-2.825362,-0.634638032913208,0.634638032913208
c1ccc2c(c1)c3cccc4cccc2c34,-6.0,-7.184009,1.184009075164795,1.184009075164795
CCCOC(C)C,-1.34,-2.2176702,0.8776702022552489,0.8776702022552489
Cc1cc(C)c2ccccc2c1,-4.29,-4.7939453,0.5039453125,0.5039453125
CCC(=C(CC)c1ccc(O)cc1)c2ccc(O)cc2 ,-4.07,-4.9902687,0.9202687072753903,0.9202687072753903
c1(C#N)c(Cl)c(C#N)c(Cl)c(Cl)c(Cl)1,-5.64,-6.7770085,1.1370085334777835,1.1370085334777835
Clc1ccc(Cl)c(c1)c2ccc(Cl)c(Cl)c2,-7.25,-7.6191516,0.36915159225463867,0.36915159225463867
C1OC1c2ccccc2 ,-1.6,-1.8368381,0.23683812618255606,0.23683812618255606
CC(C)c1ccccc1,-3.27,-3.340913,0.07091305732727049,0.07091305732727049
CC12CCC3C(CCC4=CC(=O)CCC34C)C2CCC1C(=O)CO,-3.45,-4.1872916,0.7372916221618651,0.7372916221618651
c2(Cl)c(Cl)c(Cl)c1nccnc1c2(Cl) ,-5.43,-6.334986,0.904986209869385,0.904986209869385
C1OC(O)C(O)C(O)C1O,0.39,0.63869077,-0.24869076967239379,0.24869076967239379
ClCCl,-0.63,-2.174748,1.544747943878174,1.544747943878174
CCc1cccc2ccccc12,-4.17,-4.0558553,-0.11414472579956048,0.11414472579956048
COC=O,0.58,-0.23954287,0.8195428717136383,0.8195428717136383
Oc1ccccc1N(=O)=O,-1.74,-1.781271,0.041270980834960946,0.041270980834960946
Cc1c[nH]c(=O)[nH]c1=O ,-1.506,-1.1712006,-0.3347993669509888,0.3347993669509888
CC(C)C,-2.55,-2.2182252,-0.33177475929260236,0.33177475929260236
OCC1OC(C(O)C1O)n2cnc3c(O)ncnc23,-1.23,-0.68498003,-0.545019965171814,0.545019965171814
Oc1c(I)cc(C#N)cc1I,-3.61,-3.0533202,-0.5566798305511473,0.5566798305511473
Oc1ccc(Cl)cc1C(=O)Nc2ccc(cc2Cl)N(=O)=O,-4.7,-5.0903482,0.39034824371337873,0.39034824371337873
CCCCC,-3.18,-1.9062445,-1.2737554836273195,1.2737554836273195
c1ccccc1O,0.0,-0.5260793,0.5260792970657349,0.5260792970657349
Nc3ccc2cc1ccccc1cc2c3 ,-5.17,-5.470907,0.300907211303711,0.300907211303711
Cn1cnc2n(C)c(=O)[nH]c(=O)c12 ,-2.523,-2.0422986,-0.4807014446258546,0.4807014446258546
c1ccc2cnccc2c1,-1.45,-1.9780202,0.528020191192627,0.528020191192627
COP(=S)(OC)SCC(=O)N(C(C)C)c1ccc(Cl)cc1,-4.432,-4.785904,0.3539039306640621,0.3539039306640621
CCCCCCc1ccccc1,-5.21,-5.746574,0.5365739250183106,0.5365739250183106
Clc1ccccc1c2ccccc2,-4.54,-4.676681,0.13668104171752926,0.13668104171752926
CCCC(=C)C,-3.03,-2.6913116,-0.3386884021759031,0.3386884021759031
CC(C)C(C)C(C)C,-4.8,-3.769686,-1.030314016342163,1.030314016342163
Clc1cc(Cl)c(Cl)c(Cl)c1Cl,-5.65,-4.8541427,-0.7958573341369632,0.7958573341369632
Oc1cccc(c1)N(=O)=O,-1.01,-1.2384256,0.228425612449646,0.228425612449646
CCCCCCCCC=C,-5.51,-5.0773225,-0.43267751693725565,0.43267751693725565
CC(=O)OCC(COC(=O)C)OC(=O)C,-0.6,-1.1425266,0.5425266265869141,0.5425266265869141
CCCCc1c(C)nc(nc1O)N(C)C ,-2.24,-1.3395813,-0.900418748855591,0.900418748855591
CC1(C)C(C=C(Cl)Cl)C1C(=O)OC(C#N)c2ccc(F)c(Oc3ccccc3)c2,-7.337000000000001,-7.495183,0.1581829910278314,0.1581829910278314
c1ccncc1,0.76,-0.17305431,0.9330543076992035,0.9330543076992035
CCCCCCCBr,-4.43,-3.8617609,-0.5682391452789304,0.5682391452789304
Cc1ccncc1C,0.36,-0.18931918,0.5493191784620285,0.5493191784620285
CC34CC(O)C1(F)C(CCC2=CC(=O)CCC12C)C3CCC4(O)C(=O)CO ,-3.43,-3.8927686,0.462768621444702,0.462768621444702
CCSCc1ccccc1OC(=O)NC ,-2.09,-2.0112593,-0.07874068260192857,0.07874068260192857
CCOC(=O)CC(=O)OCC,-0.82,-1.5524828,0.7324828433990479,0.7324828433990479
CC1=CCC(CC1)C(C)=C,-4.26,-4.379499,0.1194989585876467,0.1194989585876467
C1Cc2ccccc2C1,-3.04,-3.477668,0.4376680469512939,0.4376680469512939
CC(C)(C)c1ccc(O)cc1,-2.41,-2.2768562,-0.13314381599426284,0.13314381599426284
O=C2NC(=O)C1(CC1)C(=O)N2 ,-1.886,-1.9850997,0.0990996732711793,0.0990996732711793
Clc1cccc(I)c1,-3.55,-2.9742124,-0.5757875919342039,0.5757875919342039
Brc1cccc2ccccc12,-4.35,-3.7852442,-0.5647557735443112,0.5647557735443112
CC/C=C/C,-2.54,-3.2341306,0.6941306209564209,0.6941306209564209
Cc1cccc(C)n1,0.45,-0.70924735,1.159247350692749,1.159247350692749
ClC=C(Cl)Cl,-1.96,-1.3564036,-0.6035964107513427,0.6035964107513427
Nc1cccc2ccccc12,-1.92,-3.407224,1.48722393989563,1.48722393989563
Cc1cccc(C)c1,-2.82,-1.5102379,-1.3097620677947996,1.3097620677947996
Oc2ncc1nccnc1n2,-1.947,-0.21301326,-1.7339867384433747,1.7339867384433747
CO,1.57,-0.8083334,2.3783333969116214,2.3783333969116214
CCC1(CCC(C)C)C(=O)NC(=O)NC1=O,-2.468,-2.2079647,-0.26003534126281735,0.26003534126281735
CCC(=O)C,0.52,-0.73429394,1.2542939376831055,1.2542939376831055
Fc1c[nH]c(=O)[nH]c1=O ,-1.077,-1.2485368,0.17153682518005375,0.17153682518005375
Nc1ncnc2n(ccc12)C3OC(CO)C(O)C3O ,-1.95,-1.2153561,-0.7346438884735107,0.7346438884735107
Oc1cccc(O)c1,0.81,0.10833597,0.7016640281677247,0.7016640281677247
CCCCCCO,-1.24,-1.3794363,0.13943625450134278,0.13943625450134278
CCCCCCl,-2.73,-3.910072,1.1800720882415772,1.1800720882415772
C=CC=C,-1.87,-1.6256733,-0.2443267059326173,0.2443267059326173
CCCOC(=O)C,-0.72,-0.62946546,-0.09053453922271726,0.09053453922271726
Oc2ccc1CCCCc1c2 ,-1.99,-1.5150099,-0.474990119934082,0.474990119934082
NC(=O)CCl ,-0.02,-1.0218915,1.001891474723816,1.001891474723816
COP(=S)(OC)Oc1cc(Cl)c(I)cc1Cl,-6.62,-5.9052424,-0.7147575569152833,0.7147575569152833
Cc1ccc(Cl)cc1,-3.08,-2.9320483,-0.1479516792297364,0.1479516792297364
CSc1nnc(c(=O)n1N)C(C)(C)C,-2.253,-1.4694347,-0.7835652618408204,0.7835652618408204
Cc1ccc(OP(=O)(Oc2cccc(C)c2)Oc3ccccc3C)cc1,-6.01,-5.79905,-0.21095014572143533,0.21095014572143533
CCCCCC=O,-1.3,-0.61423796,-0.6857620358467102,0.6857620358467102
CCCCOC(=O)c1ccc(N)cc1,-3.082,-2.3488429,-0.7331571407318114,0.7331571407318114
O2c1cc(C)ccc1N(C)C(=O)c3cc(N)cnc23 ,-3.043,-4.7805934,1.7375933952331541,1.7375933952331541
CC(C)=CCC/C(C)=C\CO,-2.46,-3.022038,0.5620379829406739,0.5620379829406739
Clc1ccc(cc1)c2ccccc2Cl ,-5.28,-5.2404394,-0.039560585021972905,0.039560585021972905
O=C1N(COC(=O)CCCCCCC)C(=O)C(N1)(c2ccccc2)c3ccccc3,-6.523,-5.345917,-1.1770827751159665,1.1770827751159665
CCN(=O)=O,-0.22,-0.44097665,0.22097664952278137,0.22097664952278137
CCN(CC(C)=C)c1c(cc(cc1N(=O)=O)C(F)(F)F)N(=O)=O,-6.124,-5.3726215,-0.7513784637451169,0.7513784637451169
Clc1ccc(Cl)c(Cl)c1Cl,-4.57,-4.385817,-0.1841829490661624,0.1841829490661624
CCCC(C)(COC(N)=O)COC(N)=O ,-1.807,-1.9244747,0.1174747161865235,0.1174747161865235
CC(=O)C3CCC4C2CC=C1CC(O)CCC1(C)C2CCC34C ,-4.65,-5.237395,0.5873948097229,0.5873948097229
CI,-1.0,-0.9005064,-0.09949362277984619,0.09949362277984619
CC1CC(C)C(=O)C(C1)C(O)CC2CC(=O)NC(=O)C2 ,-1.13,-2.3387945,1.2087944698333741,1.2087944698333741
O=C1N(COC(=O)CCCCCC)C(=O)C(N1)(c2ccccc2)c3ccccc3,-6.301,-5.449401,-0.8515990982055666,0.8515990982055666
CC1=CC(=O)CC(C)(C)C1 ,-1.06,-1.8218461,0.7618461275100707,0.7618461275100707
O=C1NC(=O)NC(=O)C1(CC)C(C)CC,-2.39,-2.2081816,-0.18181838035583509,0.18181838035583509
CCCCC(=O)CCCC,-2.58,-3.058434,0.4784340095520019,0.4784340095520019
CCC1(CCC(=O)NC1=O)c2ccccc2 ,-2.337,-3.1051455,0.7681454544067381,0.7681454544067381
CCC(C)CC,-3.68,-3.3365376,-0.3434624004364015,0.3434624004364015
CCOc1ccc(cc1)C(C)(C)COCc3cccc(Oc2ccccc2)c3,-8.6,-7.2172236,-1.3827763557434078,1.3827763557434078
Cc1ccccc1n3c(C)nc2ccccc2c3=O,-2.925,-3.7204988,0.7954988002777101,0.7954988002777101
ClCC#N,-0.092,-0.2533343,0.16133431363105774,0.16133431363105774
CCOP(=S)(CC)Oc1cc(Cl)c(Cl)cc1Cl,-5.752000000000001,-6.3537583,0.6017583351135247,0.6017583351135247
CC12CCC(=O)C=C1CCC3C2CCC4(C)C3CCC4(O)C#C ,-5.66,-5.375323,-0.2846771812438966,0.2846771812438966
c1ccnnc1,1.1,-0.29453972,1.3945397198200227,1.3945397198200227
Clc1cc(Cl)c(Cl)c(Cl)c1,-4.63,-4.987045,0.3570448112487794,0.3570448112487794
C1C(O)CCC2(C)CC3CCC4(C)C5(C)CC6OCC(C)CC6OC5CC4C3C=C21,-7.32,-6.902079,-0.417920894622803,0.417920894622803
Nc1ccccc1O,-0.72,-0.5290997,-0.19090029716491697,0.19090029716491697
CCCCCCCCC(=O)OCC,-3.8,-5.2096353,1.4096352577209474,1.4096352577209474
COCC(=O)N(C(C)C(=O)OC)c1c(C)cccc1C ,-1.601,-3.2906258,1.689625810623169,1.689625810623169
CNC(=O)Oc1ccccc1OC(C)C,-2.05,-1.9826233,-0.067376661300659,0.067376661300659
CCC(C)Cl,-1.96,-1.9233484,-0.03665157318115231,0.03665157318115231
Oc1ccc2ccccc2c1,-2.28,-3.758691,1.4786910724639895,1.4786910724639895
CC(C)Oc1cc(c(Cl)cc1Cl)n2nc(oc2=O)C(C)(C)C,-5.696000000000001,-5.411513,-0.2844871482849127,0.2844871482849127
CCCCC#C,-2.36,-2.591921,0.23192109107971204,0.23192109107971204
CCCCCCCC#C,-4.24,-2.783879,-1.4561209583282473,1.4561209583282473
Cc1ccccc1Cl,-3.52,-2.9694898,-0.5505101871490479,0.5505101871490479
CC(C)OC(C)C,-1.1,-1.8719606,0.7719606399536132,0.7719606399536132
Nc1ccc(cc1)S(=O)(=O)c2ccc(N)cc2,-3.094,-3.724908,0.6309081134796144,0.6309081134796144
CNN,1.34,-0.9544261,2.294426109790802,2.294426109790802
CC#C,-0.41,-1.6723441,1.2623440885543824,1.2623440885543824
CCOP(=S)(OCC)ON=C(C#N)c1ccccc1,-4.862,-5.199819,0.33781908798217763,0.33781908798217763
CCNP(=S)(OC)OC(=CC(=O)OC(C)C)C,-3.408,-3.5357337,0.12773369979858407,0.12773369979858407
C=CC=O,0.57,-0.30416477,0.8741647672653198,0.8741647672653198
O=c1[nH]cnc2nc[nH]c12 ,-2.296,-2.474723,0.17872310066223163,0.17872310066223163
Oc2ccc1ncccc1c2 ,-2.16,-1.57568,-0.5843199825286867,0.5843199825286867
Fc1ccccc1,-1.8,-2.0015397,0.20153970718383785,0.20153970718383785
CCCCl,-1.47,-1.2341044,-0.23589560508728025,0.23589560508728025
CCOC(=O)C,-0.04,-0.7424913,0.7024913048744201,0.7024913048744201
CCCC(C)(C)C,-4.36,-2.9793012,-1.3806987857818607,1.3806987857818607
Cc1cc(C)c(C)c(C)c1C,-4.0,-3.871146,-0.12885403633117676,0.12885403633117676
CC12CCC(CC1)C(C)(C)O2 ,-1.64,-2.257896,0.6178959465026856,0.6178959465026856
CCCCOC(=O)CCCCCCCCC(=O)OCCCC,-3.896,-3.9092224,0.013222364425659272,0.013222364425659272
Clc1ccc(cc1)c2ccc(Cl)cc2 ,-6.56,-6.357907,-0.20209318161010703,0.20209318161010703
Cc1cccnc1C,0.38,-0.93689543,1.316895430088043,1.316895430088043
CC(=C)C1CC=C(C)C(=O)C1,-2.06,-2.4858487,0.4258486652374267,0.4258486652374267
CCOP(=S)(OCC)SCSc1ccc(Cl)cc1,-5.736000000000001,-5.7378697,0.0018697395324700494,0.0018697395324700494
COc1cc(cc(OC)c1O)C6C2C(COC2=O)C(OC4OC3COC(C)OC3C(O)C4O)c7cc5OCOc5cc67,-3.571,-6.275755,2.704754928588867,2.704754928588867
c1cc2cccc3c4cccc5cccc(c(c1)c23)c54,-8.804,-7.5912204,-1.2127796211242678,1.2127796211242678
Cc1ccc(cc1N(=O)=O)N(=O)=O,-2.82,-2.6385586,-0.18144137382507308,0.18144137382507308
c1c(Br)ccc2ccccc12 ,-4.4,-4.166381,-0.23361911773681676,0.23361911773681676
CNC(=O)Oc1cccc(N=CN(C)C)c1,-2.34,-2.9087884,0.5687884426116945,0.5687884426116945
COc2cnc1ncncc1n2,-1.139,-0.74570954,-0.3932904615402222,0.3932904615402222
Cc3ccnc4N(C1CC1)c2ncccc2C(=O)Nc34 ,-3.19,-4.319776,1.1297760581970215,1.1297760581970215
CCOP(=S)(OCC)Oc1nc(Cl)n(n1)C(C)C,-3.658,-4.479104,0.8211040420532227,0.8211040420532227
CC(=C)C=C,-2.03,-1.6761677,-0.35383227348327617,0.35383227348327617
CC(C)=CCCC(O)(C)C=C,-1.99,-2.1051748,0.11517477989196778,0.11517477989196778
COP(=S)(OC)Oc1ccc(SC)c(C)c1,-4.57,-5.112783,0.5427829551696775,0.5427829551696775
OC1CCCCC1,-0.44,-3.9197996,3.479799566268921,3.479799566268921
O=C1NC(=O)NC(=O)C1(C)CC=C,-1.16,-1.6295288,0.46952876091003426,0.46952876091003426
CC34CCC1C(CCC2CC(O)CCC12C)C3CCC4=O,-4.16,-4.572684,0.412683811187744,0.412683811187744
OCC(O)C(O)C(O)C(O)CO ,0.06,0.47071138,-0.4107113802433014,0.4107113802433014
Cc1ccc(cc1)c2ccccc2,-4.62,-4.404047,-0.21595298767089854,0.21595298767089854
CCNc1nc(Cl)nc(NC(C)C)n1,-3.85,-3.3581333,-0.491866683959961,0.491866683959961
NC(=S)Nc1ccccc1,-1.77,-2.4041498,0.6341497707366943,0.6341497707366943
CCCC(=O)CCC,-1.3,-2.3571937,1.0571937084197998,1.0571937084197998
CC(=O)C(C)(C)C,-0.72,-1.2820197,0.5620197343826294,0.5620197343826294
Oc1ccc(Cl)cc1,-0.7,-2.0775964,1.3775964260101319,1.3775964260101319
O=C1CCCCC1,-0.6,-2.8992808,2.299280786514282,2.299280786514282
Cc1cccc(N)c1,-0.85,-0.82929623,-0.020703768730163552,0.020703768730163552
ClC(Cl)(Cl)C#N,-2.168,-1.4445851,-0.723414915084839,0.723414915084839
CNc2cnn(c1cccc(c1)C(F)(F)F)c(=O)c2Cl,-4.046,-4.395042,0.3490419425964353,0.3490419425964353
CCCCCCCCC(=O)C,-3.3,-4.549549,1.2495491027832033,1.2495491027832033
CCN(CC)c1nc(Cl)nc(NC(C)C)n1,-3.785,-4.0178647,0.23286470413207994,0.23286470413207994
CCOC(=O)c1ccc(N)cc1,-2.616,-2.5637386,-0.052261415481567486,0.052261415481567486
Clc1ccc(Cl)c(Cl)c1,-3.59,-3.9380252,0.3480252361297609,0.3480252361297609
Cc3nnc4CN=C(c1ccccc1Cl)c2cc(Cl)ccc2n34,-4.09,-5.633702,1.543701801300049,1.543701801300049
Oc1ccccc1O,0.62,-0.4151594,1.0351594042778016,1.0351594042778016
CCN2c1ncccc1N(C)C(=O)c3cccnc23 ,-2.62,-3.3464162,0.7264162349700927,0.7264162349700927
CSC,-0.45,-1.1668489,0.71684889793396,0.71684889793396
Cc1ccccc1Br,-2.23,-3.5892637,1.359263677597046,1.359263677597046
CCOC(=O)N,0.85,-0.51405394,1.3640539407730103,1.3640539407730103
CC(=O)OC3(CCC4C2C=C(C)C1=CC(=O)CCC1(C)C2CCC34C)C(C)=O ,-5.35,-5.245151,-0.10484895706176722,0.10484895706176722
CC(C)C(O)C(C)C,-1.22,-0.8381713,-0.38182869672775266,0.38182869672775266
c1ccc2ccccc2c1,-3.6,-4.3875346,0.7875346183776855,0.7875346183776855
CCNc1ccccc1,-1.7,-1.7663934,0.06639342308044438,0.06639342308044438
O=C1NC(=O)C(N1)(c2ccccc2)c3ccccc3,-4.097,-3.6949718,-0.40202820014953655,0.40202820014953655
Cc1c2ccccc2c(C)c3ccc4ccccc4c13,-7.02,-7.1299605,0.10996053695678754,0.10996053695678754
CCOP(=S)(OCC)SC(CCl)N1C(=O)c2ccccc2C1=O,-6.34,-4.763641,-1.576359119415283,1.576359119415283
COc1ccc(cc1)C(c2ccc(OC)cc2)C(Cl)(Cl)Cl,-6.89,-6.9888062,0.09880624771118196,0.09880624771118196
Fc1cccc(F)c1C(=O)NC(=O)Nc2cc(Cl)c(F)c(Cl)c2F ,-7.28,-6.7509103,-0.5290897178649905,0.5290897178649905
O=C1N(COC(=O)CCCC)C(=O)C(N1)(c2ccccc2)c3ccccc3,-4.678,-5.4429383,0.7649383277893067,0.7649383277893067
CN(C)C(=O)Nc1ccc(Cl)cc1,-2.89,-2.73185,-0.15815009117126477,0.15815009117126477
OC(Cn1cncn1)(c2ccc(F)cc2)c3ccccc3F,-3.37,-3.713466,0.34346592903137196,0.34346592903137196
CC(=O)OCC(=O)C3(O)C(CC4C2CCC1=CC(=O)C=CC1(C)C2(F)C(O)CC34C)OC(C)=O ,-4.13,-4.3124,0.18239986419677745,0.18239986419677745
CCCCBr,-2.37,-3.5918672,1.2218672084808349,1.2218672084808349
Brc1cc(Br)c(Br)cc1Br,-6.98,-5.8749995,-1.1050004768371586,1.1050004768371586
CC(C)CC(=O)C,-0.74,-1.3558009,0.6158008670806885,0.6158008670806885
CCSC(=O)N(CC)C1CCCCC1 ,-3.4,-3.396368,-0.0036319732666014737,0.0036319732666014737
COc1ccc(Cl)cc1,-2.78,-2.7170017,-0.06299832344055156,0.06299832344055156
CC1(C)C(C=C(Br)Br)C1C(=O)OC(C#N)c2cccc(Oc3ccccc3)c2,-8.402000000000001,-7.527892,-0.8741078872680674,0.8741078872680674
CCC(C)C1(CC=C)C(=O)NC(=O)NC1=O,-2.016,-2.0686631,0.052663120269775376,0.052663120269775376
COP(=S)(OC)Oc1ccc(N(=O)=O)c(C)c1,-4.04,-4.1165805,0.07658048629760739,0.07658048629760739
Ic1cccc2ccccc12,-4.55,-3.6375415,-0.9124584674835203,0.9124584674835203
OCC(O)C(O)C(O)C(O)CO,1.09,0.429465,0.6605350041389466,0.6605350041389466
CCS,-0.6,-1.0824132,0.4824131965637207,0.4824131965637207
ClCC(Cl)Cl,-1.48,-1.4234576,-0.05654237747192381,0.05654237747192381
CN(C)C(=O)Oc1cc(C)nn1c2ccccc2,-2.09,-3.2000706,1.11007061958313,1.11007061958313
NC(=O)c1ccccc1O,-1.82,-0.8849075,-0.9350925159454346,0.9350925159454346
Cc1ccccc1N(=O)=O,-2.33,-2.0259953,-0.3040047454833985,0.3040047454833985
O=C1NC(=O)NC(=O)C1(C(C)C)C(C)C,-2.766,-2.40561,-0.3603899154663086,0.3603899154663086
CCc1ccccc1C,-3.21,-3.2084067,-0.0015933132171630504,0.0015933132171630504
CCCCCCCCl,-4.0,-4.527547,0.5275468826293945,0.5275468826293945
O=C1NC(=O)NC(=O)C1(CC)CC,-2.4,-1.6656053,-0.7343946933746337,0.7343946933746337
C(Cc1ccccc1)c2ccccc2,-4.62,-4.467835,-0.1521650505065919,0.1521650505065919
ClC(Cl)C(Cl)Cl,-1.74,-2.3036692,0.5636692142486572,0.5636692142486572
CCN2c1cc(OC)cc(C)c1NC(=O)c3cccnc23 ,-5.153,-4.856176,-0.29682410049438435,0.29682410049438435
Cc1ccc2c(ccc3ccccc32)c1,-5.84,-6.2451506,0.40515056610107436,0.40515056610107436
CCCCOC(=O)c1ccccc1C(=O)OCCCC ,-4.4,-2.6357563,-1.7642437458038334,1.7642437458038334
COc1c(O)c(Cl)c(Cl)c(Cl)c1Cl ,-4.02,-3.042013,-0.9779870700836177,0.9779870700836177
CCN(CC)C(=O)C(=CCOP(=O)(OC)OC)Cl,0.523,-0.96847904,1.4914790372848512,1.4914790372848512
CC34CCC1C(=CCc2cc(O)ccc12)C3CCC4=O,-5.282,-5.008509,-0.27349084091186526,0.27349084091186526
CCOC(=O)c1ccccc1S(=O)(=O)NN(C=O)c2nc(Cl)cc(OC)n2,-4.5760000000000005,-4.3158193,-0.26018073654174856,0.26018073654174856
COc1ccc(cc1)N(=O)=O,-2.41,-1.7570288,-0.652971181869507,0.652971181869507
CCCCCCCl,-3.12,-3.502809,0.3828090476989745,0.3828090476989745
Clc1cc(c(Cl)c(Cl)c1Cl)c2cc(Cl)c(Cl)c(Cl)c2Cl,-9.16,-7.793785,-1.3662149047851564,1.3662149047851564
OCC1OC(CO)(OC2OC(COC3OC(CO)C(O)C(O)C3O)C(O)C(O)C2O)C(O)C1O,-0.41,-0.26489007,-0.14510992527008054,0.14510992527008054
CCCCCCCCCCCCCCCCCCCCCCCCCC,-8.334,-6.9278917,-1.4061082687377926,1.4061082687377926
CCN2c1ccccc1N(C)C(=O)c3cccnc23 ,-3.324,-3.9212189,0.5972188720703127,0.5972188720703127
CC(Cl)Cl,-1.29,-1.5033493,0.21334930419921871,0.21334930419921871
Nc1ccc(cc1)S(N)(=O)=O,-1.34,-2.1684182,0.8284181690216064,0.8284181690216064
CCCN(CCC)c1c(cc(cc1N(=O)=O)C(C)C)N(=O)=O,-6.49,-5.6930966,-0.7969033622741701,0.7969033622741701
ClC1C(Cl)C(Cl)C(Cl)C(Cl)C1Cl,-4.64,-4.1914854,-0.44851459503173796,0.44851459503173796
CCOP(=S)(NC(C)C)Oc1ccccc1C(=O)OC(C)C,-4.194,-4.7514496,0.5574495849609375,0.5574495849609375
Clc1cccc(Cl)c1Cl,-4.0,-2.6564915,-1.3435084819793701,1.3435084819793701
ClC(Cl)(Cl)Cl,-2.31,-1.7219265,-0.5880735492706299,0.5880735492706299
O=N(=O)c1cc(Cl)c(Cl)cc1,-3.2,-3.8009493,0.6009493350982664,0.6009493350982664
OC1CCCCCCC1,-1.29,-0.96343076,-0.32656923770904545,0.32656923770904545
CC1(O)CCC2C3CCC4=CC(=O)CCC4(C)C3CCC21C,-3.999,-5.085295,1.0862952003479003,1.0862952003479003
CCOc1ccc(NC(N)=O)cc1,-2.17,-2.3282773,0.15827734947204597,0.15827734947204597
C/C1CCC(\C)CC1,-4.47,-4.465646,-0.004354209899902095,0.004354209899902095
c1cnc2c(c1)ccc3ncccc23,-2.68,-3.407416,0.7274161052703856,0.7274161052703856
COC(C)(C)C,-0.24,-2.0018864,1.7618863677978516,1.7618863677978516
COc1ccc(C=CC)cc1,-3.13,-3.032925,-0.09707510948181142,0.09707510948181142
CCCCCCCCCCCCCCCCO,-7.0,-6.6201854,-0.37981462478637695,0.37981462478637695
O=c1cc[nH]c(=O)[nH]1 ,-1.4880000000000002,-1.9919087,0.5039086694717405,0.5039086694717405
Nc1ncnc2nc[nH]c12 ,-2.12,-2.1728206,0.05282056808471669,0.05282056808471669
Clc1cc(Cl)c(cc1Cl)c2cccc(Cl)c2Cl ,-7.21,-7.533857,0.3238568687438965,0.3238568687438965
COc1ccc(cc1)C(O)(C2CC2)c3cncnc3 ,-2.596,-3.056928,0.4609279193878173,0.4609279193878173
c1ccc2c(c1)c3cccc4c3c2cc5ccccc54,-8.23,-7.6485305,-0.5814695167541508,0.5814695167541508
O=C(Nc1ccccc1)Nc2ccccc2,-3.15,-2.756626,-0.3933741092681884,0.3933741092681884
CCC1(C(=O)NC(=O)NC1=O)c2ccccc2 ,-2.322,-2.5318036,0.20980360794067376,0.20980360794067376
Clc1ccc(cc1)c2cccc(Cl)c2Cl ,-6.29,-7.001888,0.7118877983093261,0.7118877983093261
CC(C)c1ccc(NC(=O)N(C)C)cc1,-3.536,-3.5804288,0.044428838729858366,0.044428838729858366
CCN(CC)C(=O)CSc1ccc(Cl)nn1,-1.716,-2.3084195,0.5924194660186768,0.5924194660186768
CCC(C)(C)CO,-1.04,-1.298951,0.2589510297775268,0.2589510297775268
CCCOC(=O)CCC,-1.75,-1.8828938,0.13289380073547363,0.13289380073547363
Cc1c(cc(cc1N(=O)=O)N(=O)=O)N(=O)=O,-3.22,-3.577491,0.35749104499816875,0.35749104499816875
CC(C)OP(=S)(OC(C)C)SCCNS(=O)(=O)c1ccccc1,-4.2,-4.68946,0.48945980072021467,0.48945980072021467
C1CCCCCC1,-3.51,-2.7867305,-0.7232694721221922,0.7232694721221922
CCCOC=O,-0.49,-0.29677975,-0.19322024822235107,0.19322024822235107
CC(C)c1ccccc1C,-3.76,-3.5734966,-0.18650341987609842,0.18650341987609842
Nc1cccc(Cl)c1,-1.37,-1.7447944,0.3747943687438964,0.3747943687438964
CC(C)CC(C)C,-4.26,-3.7630475,-0.4969525432586668,0.4969525432586668
o1c2ccccc2c3ccccc13,-4.6,-5.170772,0.5707720756530765,0.5707720756530765
CCOC2Oc1ccc(OS(C)(=O)=O)cc1C2(C)C,-3.42,-3.8630588,0.4430588054656983,0.4430588054656983
CN(C)C(=O)Nc1cccc(c1)C(F)(F)F,-3.43,-3.7093134,0.27931339263916,0.27931339263916
c3ccc2nc1ccccc1cc2c3,-3.67,-4.9183545,1.2483545112609864,1.2483545112609864
CC12CC(=O)C3C(CCC4=CC(=O)CCC34C)C2CCC1(O)C(=O)CO,-3.11,-3.3231027,0.2131027126312257,0.2131027126312257
OCC1OC(O)C(O)C(O)C1O,0.74,0.6459171,0.09408288240432738,0.09408288240432738
Cc1cccc(O)c1,-0.68,-0.045841876,-0.6341581235826016,0.6341581235826016
CC2Cc1ccccc1N2NC(=O)c3ccc(Cl)c(c3)S(N)(=O)=O ,-3.5860000000000003,-4.8452854,1.2592854156494138,1.2592854156494138
CCC(C)C(=O)OC2CC(C)C=C3C=CC(C)C(CCC1CC(O)CC(=O)O1)C23 ,-6.005,-3.2443204,-2.7606796073913573,2.7606796073913573
O=N(=O)c1ccc(cc1)N(=O)=O,-3.39,-2.9907024,-0.39929760932922376,0.39929760932922376
CCC1(C(=O)NC(=O)NC1=O)C2=CCC3CCC2C3,-2.696,-2.8687928,0.17279277229309065,0.17279277229309065
CCCCCCCCCC(=O)OCC,-4.1,-5.216889,1.1168889045715336,1.1168889045715336
CN(C)C(=O)Nc1ccccc1,-1.6,-2.2953794,0.6953794002532958,0.6953794002532958
CCCOCC,-0.66,-1.3174887,0.6574886703491211,0.6574886703491211
CC(C)O,0.43,-0.5046034,0.9346033859252929,0.9346033859252929
Cc1ccc2ccccc2c1,-3.77,-4.451755,0.6817550468444824,0.6817550468444824
ClC(Br)Br,-1.9,-2.215355,0.31535491943359384,0.31535491943359384
CCC(C(CC)c1ccc(O)cc1)c2ccc(O)cc2,-4.43,-4.55538,0.12537986755371122,0.12537986755371122
CCOC(=O)CC(SP(=S)(OC)OC)C(=O)OCC,-3.37,-3.2838123,-0.08618771553039561,0.08618771553039561
ClCc1ccccc1,-2.39,-2.0239089,-0.36609114646911634,0.36609114646911634
C/C=C/C=O,0.32,-0.81340706,1.133407063484192,1.133407063484192
CON(C)C(=O)Nc1ccc(Br)c(Cl)c1,-3.924,-4.166626,0.24262597656250007,0.24262597656250007
Cc1c2ccccc2c(C)c3ccccc13,-6.57,-6.000835,-0.5691650581359866,0.5691650581359866
CCCCCC(=O)OC,-1.87,-1.4307559,-0.439244146347046,0.439244146347046
CN(C)C(=O)Nc1ccc(c(Cl)c1)n2nc(oc2=O)C(C)(C)C,-4.328,-4.123058,-0.20494215774536162,0.20494215774536162
CC(=O)Nc1ccc(F)cc1,-1.78,-2.3615868,0.5815868091583252,0.5815868091583252
CCc1cccc(CC)c1N(COC)C(=O)CCl ,-3.26,-3.580023,0.32002305030822775,0.32002305030822775
C1CCC=CC1,-2.59,-2.9405751,0.3505751228332521,0.3505751228332521
CC12CC(O)C3C(CCC4=CC(=O)CCC34C)C2CCC1(O)C(=O)CO,-3.09,-3.0740705,-0.01592954635620103,0.01592954635620103
c1cncnc1,1.1,-0.11487237,1.2148723736405374,1.2148723736405374
Clc1ccc(cc1)N(=O)=O,-2.92,-2.062885,-0.8571149539947509,0.8571149539947509
CCC(=O)OC,-0.14,-1.1671488,1.0271488285064696,1.0271488285064696
Clc1ccccc1N(=O)=O,-2.55,-2.225469,-0.3245308876037596,0.3245308876037596
CCCCN(C)C(=O)Nc1ccc(Cl)c(Cl)c1,-4.77,-4.179079,-0.5909209442138668,0.5909209442138668
CN1CC(O)N(C1=O)c2nnc(s2)C(C)(C)C,-1.877,-2.0979447,0.2209447364807129,0.2209447364807129
O=N(=O)c1ccccc1,-1.8,-2.0807755,0.280775499343872,0.280775499343872
Ic1ccccc1,-3.01,-2.041985,-0.9680149650573728,0.9680149650573728
CC2Nc1cc(Cl)c(cc1C(=O)N2c3ccccc3C)S(N)(=O)=O ,-3.78,-5.16333,1.3833300781250002,1.3833300781250002
COc1ccccc1OCC(O)COC(N)=O,-0.985,-1.1161528,0.13115276336669923,0.13115276336669923
CCCCOCN(C(=O)CCl)c1c(CC)cccc1CC ,-4.19,-3.9011486,-0.2888514423370365,0.2888514423370365
Oc1cccc(Cl)c1Cl,-1.3,-1.5532341,0.25323410034179683,0.25323410034179683
CCCC(=O)OC,-1.92,-1.4088115,-0.5111885499954223,0.5111885499954223
CCC(=O)Nc1ccc(Cl)c(Cl)c1,-3.0,-3.8835225,0.8835225105285645,0.8835225105285645
Nc3nc(N)c2nc(c1ccccc1)c(N)nc2n3,-2.404,-3.4524908,1.04849080657959,1.04849080657959
CCCCCC(=O)OCC,-2.35,-1.9114149,-0.43858513832092294,0.43858513832092294
OCC(O)C2OC1OC(OC1C2O)C(Cl)(Cl)Cl ,-1.84,-1.0430623,-0.7969376707077027,0.7969376707077027
CN(C=Nc1ccc(C)cc1C)C=Nc2ccc(C)cc2C,-5.47,-5.5544667,0.0844667243957522,0.0844667243957522
COc1nc(NC(C)C)nc(NC(C)C)n1,-2.478,-2.862786,0.38478605461120585,0.38478605461120585
CCCCCCC=C,-4.44,-2.4876065,-1.9523934745788578,1.9523934745788578
Cc1ccc(N)cc1,-1.21,-1.6716951,0.4616951131820679,0.4616951131820679
Nc1nccs1 ,-0.36,-0.19870967,-0.1612903332710266,0.1612903332710266
c1ccccc1(OC(=O)NC),-1.803,-1.8155961,0.012596103668212955,0.012596103668212955
CCCC(O)CC,-0.8,-1.0329204,0.2329203605651855,0.2329203605651855
c3ccc2c(O)c1ccccc1cc2c3 ,-4.73,-4.7521076,0.022107620239257386,0.022107620239257386
Cc1ccc2cc3ccccc3cc2c1,-6.96,-6.9469857,-0.013014278411865199,0.013014278411865199
Cc1cccc(C)c1C,-3.2,-1.8955286,-1.3044714450836183,1.3044714450836183
CNC(=O)Oc1ccc(N(C)C)c(C)c1,-2.36,-3.0596611,0.6996611499786378,0.6996611499786378
CCCCCCCC(C)O,-2.74,-0.798337,-1.9416630172729494,1.9416630172729494
CN(C(=O)NC(C)(C)c1ccccc1)c2ccccc2,-3.35,-4.4945793,1.1445793151855468,1.1445793151855468
CCCC(=O)CC,-0.83,-1.8305109,1.0005108547210693,1.0005108547210693
Oc1c(Br)cc(C#N)cc1Br ,-3.33,-3.2105813,-0.1194186973571778,0.1194186973571778
Clc1ccc(cc1Cl)c2ccccc2 ,-6.39,-6.0981917,-0.29180826187133757,0.29180826187133757
CN(C(=O)COc1nc2ccccc2s1)c3ccccc3,-4.873,-4.6035924,-0.2694076042175295,0.2694076042175295
Oc1cccc2ncccc12 ,-2.54,-2.0727448,-0.4672551536560059,0.4672551536560059
CC1=C(SCCO1)C(=O)Nc2ccccc2,-3.14,-3.392194,0.25219403266906726,0.25219403266906726
CCOc2ccc1nc(sc1c2)S(N)(=O)=O ,-3.81,-4.051102,0.24110216140747065,0.24110216140747065
Oc1c(Cl)c(Cl)c(Cl)c(Cl)c1Cl,-4.28,-4.55016,0.2701599311828611,0.2701599311828611
ClCBr,-0.89,-2.0832615,1.193261489868164,1.193261489868164
CCC1(CC)C(=O)NC(=O)N(C)C1=O ,-2.23,-1.8759766,-0.3540234375,0.3540234375
CC(=O)OCC(=O)C3CCC4C2CCC1=CC(=O)CCC1(C)C2CCC34C ,-4.63,-5.0990195,0.46901952743530284,0.46901952743530284
NC(=O)NCc1ccccc1 ,-0.95,-1.429075,0.47907500267028813,0.47907500267028813
CN(C)C(=O)Nc1ccc(C)c(Cl)c1,-3.483,-3.4995158,0.01651577186584463,0.01651577186584463
CON(C)C(=O)Nc1ccc(Cl)c(Cl)c1,-3.592,-4.0535855,0.4615855293273925,0.4615855293273925
OC1CCCCCC1,-0.88,-2.531603,1.6516030979156495,1.6516030979156495
CS(=O)(=O)c1ccc(cc1)C(O)C(CO)NC(=O)C(Cl)Cl ,-2.154,-3.270573,1.1165729007720948,1.1165729007720948
CCCC(C)C1(CC)C(=O)NC(=S)NC1=O ,-3.36,-2.72103,-0.6389700031280516,0.6389700031280516
CC(=O)Nc1nnc(s1)S(N)(=O)=O ,-2.36,-2.281621,-0.07837902069091784,0.07837902069091784
Oc1ccc(cc1)N(=O)=O,-0.74,-1.5500199,0.8100198602676392,0.8100198602676392
ClC1=C(Cl)C2(Cl)C3C4CC(C=C4)C3C1(Cl)C2(Cl)Cl,-6.307,-6.756389,0.4493891410827633,0.4493891410827633
C1CCOC1,0.49,-1.141696,1.6316959762573242,1.6316959762573242
Nc1ccccc1N(=O)=O,-1.96,-1.966024,0.006024041175842321,0.006024041175842321
Clc1cccc(c1Cl)c2cccc(Cl)c2Cl,-7.28,-7.1145606,-0.16543939590454126,0.16543939590454126
CCCCC1C(=O)N(N(C1=O)c2ccccc2)c3ccccc3 ,-3.81,-3.8162987,0.006298723220825142,0.006298723220825142
Cc1c(cccc1N(=O)=O)N(=O)=O,-3.0,-2.8966339,-0.10336613655090332,0.10336613655090332
CC(=O)C1CCC2C3CCC4=CC(=O)CCC4(C)C3CCC12C,-4.42,-5.089935,0.6699348258972169,0.6699348258972169
CCN(CC)c1nc(Cl)nc(n1)N(CC)CC,-4.4110000000000005,-4.2646804,-0.14631961441040087,0.14631961441040087
ClC(Cl)C(Cl)(Cl)SN2C(=O)C1CC=CCC1C2=O ,-5.4,-4.918867,-0.48113288879394567,0.48113288879394567
c1(Br)c(Br)cc(Br)cc1,-4.5,-5.0156956,0.5156955718994141,0.5156955718994141
OC3N=C(c1ccccc1)c2cc(Cl)ccc2NC3=O ,-3.952,-4.262042,0.31004204559326176,0.31004204559326176
O=C1NC(=O)NC(=O)C1(C(C)CCC)CC=C,-2.356,-2.659857,0.30385703468322767,0.30385703468322767
c1(O)c(C)ccc(C(C)C)c1,-2.08,-2.847566,0.7675658893585204,0.7675658893585204
C1SC(=S)NC1(=O),-1.77,-1.2156124,-0.5543875885009766,0.5543875885009766
Oc1ccc(c(O)c1)c3oc2cc(O)cc(O)c2c(=O)c3O ,-3.083,-3.4810178,0.3980178279876707,0.3980178279876707
ClC1(C(=O)C2(Cl)C3(Cl)C14Cl)C5(Cl)C2(Cl)C3(Cl)C(Cl)(Cl)C45Cl,-5.259,-6.970356,1.7113559875488278,1.7113559875488278
CCN(CC)C(=S)SSC(=S)N(CC)CC,-4.86,-4.002841,-0.8571590042114261,0.8571590042114261
C1CCCCC1,-3.1,-4.149798,1.0497979164123534,1.0497979164123534
ClC1=C(Cl)C(Cl)(C(=C1Cl)Cl)C2(Cl)C(=C(Cl)C(=C2Cl)Cl)Cl,-7.278,-7.002834,-0.2751661567687984,0.2751661567687984
CN(C)C=Nc1ccc(Cl)cc1C,-2.86,-4.003577,1.14357723236084,1.14357723236084
CC34CCc1c(ccc2cc(O)ccc12)C3CCC4=O,-5.24,-5.0865555,-0.15344451904296896,0.15344451904296896
CCCCCCCCO,-2.39,-4.37762,1.987620220184326,1.987620220184326
CCSCC,-1.34,-1.179445,-0.16055497169494637,0.16055497169494637
ClCCCl,-1.06,-2.3447633,1.2847632789611816,1.2847632789611816
CCC(C)(C)Cl,-2.51,-2.019889,-0.49011088371276834,0.49011088371276834
ClCCBr,-1.32,-2.1027758,0.7827758121490478,0.7827758121490478
Nc1ccc(cc1)N(=O)=O,-2.37,-1.7389083,-0.631091709136963,0.631091709136963
OCC1OC(OC2C(O)C(O)C(O)OC2CO)C(O)C(O)C1O,-0.244,0.31171924,-0.5557192387580872,0.5557192387580872
CCN2c1ncccc1N(CC)C(=O)c3cccnc23 ,-2.86,-3.5963862,0.7363861942291261,0.7363861942291261
Clc1ccccc1,-2.38,-2.2903574,-0.08964264869689931,0.08964264869689931
CCCCCCCC=C,-5.05,-2.6721535,-2.377846527099609,2.377846527099609
Brc1ccc(I)cc1,-4.56,-3.5902314,-0.9697685813903805,0.9697685813903805
CCC(C)(O)CC,-0.36,-0.79031193,0.43031193256378175,0.43031193256378175
CCCCCc1ccccc1,-4.64,-1.9846772,-2.6553228044509884,2.6553228044509884
NC(=O)NC1NC(=O)NC1=O ,-1.6,-0.81517076,-0.7848292350769044,0.7848292350769044
OCC(O)COC(=O)c1ccccc1Nc2ccnc3cc(Cl)ccc23,-4.571000000000001,-4.7115035,0.1405035057067865,0.1405035057067865
ClC(Cl)C(c1ccc(Cl)cc1)c2ccc(Cl)cc2,-7.2,-7.289488,0.08948783874511701,0.08948783874511701
CC(=O)OC3CCC4C2CCC1=CC(=O)CCC1(C)C2CCC34C ,-5.184,-5.280848,0.0968480262756346,0.0968480262756346
Clc1cccc2ccccc12,-3.93,-3.8916018,-0.03839819908142106,0.03839819908142106
CCN2c1ccccc1N(C)C(=O)c3ccccc23 ,-4.749,-4.4997573,-0.24924271011352506,0.24924271011352506
CCCCC(C)O,-0.89,-0.76742613,-0.12257386684417726,0.12257386684417726
CCCC1CCCC1,-4.74,-5.0817046,0.34170461654663065,0.34170461654663065
CCOC(=O)c1cncn1C(C)c2ccccc2,-4.735,-4.232461,-0.5025390243530277,0.5025390243530277
Oc1ccc(Cl)c(Cl)c1,-1.25,-2.673061,1.4230608940124512,1.4230608940124512
CC1(C)C(C=C(Cl)Cl)C1C(=O)OC(C#N)c2cccc(Oc3ccccc3)c2,-8.017000000000001,-7.5516706,-0.4653294486999524,0.4653294486999524
c2ccc1ocnc1c2,-1.16,-1.3964708,0.2364707851409913,0.2364707851409913
CCCCCO,-0.6,-1.082745,0.48274495601654055,0.48274495601654055
CCN(CC)c1ccccc1,-3.03,-3.3266068,0.29660675048828145,0.29660675048828145
Fc1cccc(F)c1,-2.0,-1.4709339,-0.5290660858154297,0.5290660858154297
ClCCC#N ,-0.29,-1.1876835,0.8976834630966186,0.8976834630966186
CC(C)(C)Cc1ccccc1,-4.15,-3.6472359,-0.5027641296386722,0.5027641296386722
O=C1NC(=O)NC(=O)C1(CC)c1ccccc1,-2.322,-2.735038,0.4130380420684814,0.4130380420684814
Clc1ccccc1I,-3.54,-3.3170238,-0.222976245880127,0.222976245880127
c2ccc1[nH]nnc1c2,-0.78,-1.5734296,0.7934295845031738,0.7934295845031738
CNC(=O)Oc1cccc2CC(C)(C)Oc12,-2.8,-3.2944486,0.4944486141204836,0.4944486141204836
Cc1cccc(C)c1O,-1.29,-0.1523525,-1.1376475030183792,1.1376475030183792
CC(C)C(C)O,-0.18,-0.35429364,0.17429364442825318,0.17429364442825318
c1ccccc1C(O)c2ccccc2,-2.55,-2.496947,-0.05305294990539533,0.05305294990539533
CCCCCCCCCC(=O)OC,-4.69,-4.8871474,0.19714742660522422,0.19714742660522422
COP(=S)(OC)Oc1ccc(cc1Cl)N(=O)=O,-4.31,-4.9284186,0.6184186363220219,0.6184186363220219
CC(C)CBr,-2.43,-2.03045,-0.3995498943328859,0.3995498943328859
CCI,-1.6,-2.3437464,0.7437464237213134,0.7437464237213134
CN(C)C(=O)Oc1nc(nc(C)c1C)N(C)C,-1.95,-2.944195,0.994195032119751,0.994195032119751
CCCCCCBr,-3.81,-4.460366,0.6503657722473144,0.6503657722473144
CCCC(C)C,-3.74,-3.021002,-0.7189979457855227,0.7189979457855227
Cc1c(F)c(F)c(COC(=O)C2C(C=C(Cl)C(F)(F)F)C2(C)C)c(F)c1F,-7.321000000000001,-6.5479827,-0.7730173072814948,0.7730173072814948
CCc1cccc(C)c1N(C(C)COC)C(=O)CCl ,-2.73,-3.795429,1.065428991317749,1.065428991317749
ON=Cc1ccc(o1)N(=O)=O ,-2.19,-2.283067,0.09306698799133306,0.09306698799133306
CC(C)C(Nc1ccc(cc1Cl)C(F)(F)F)C(=O)OC(C#N)c2cccc(Oc3ccccc3)c2,-8.003,-7.2783585,-0.7246415405273439,0.7246415405273439
Nc1nc[nH]n1,0.522,-0.1447379,0.6667378993034363,0.6667378993034363
BrC(Br)Br,-1.91,-2.5773003,0.6673003101348878,0.6673003101348878
COP(=O)(OC)C(O)C(Cl)(Cl)Cl,-0.22,-0.9141425,0.6941424894332886,0.6941424894332886
CCOP(=S)(OCC)SCn1c(=O)oc2cc(Cl)ccc12,-5.233,-5.4394317,0.2064316673278812,0.2064316673278812
OCc1ccccc1,-0.4,-1.6327374,1.232737398147583,1.232737398147583
O=c2c(C3CCCc4ccccc43)c(O)c1ccccc1o2 ,-2.84,-5.5370984,2.6970984077453615,2.6970984077453615
Oc1ccc(Br)cc1,-1.09,-2.5836737,1.4936737155914306,1.4936737155914306
CC(C)Br,-1.59,-2.094062,0.5040620899200439,0.5040620899200439
CC(C)CC(C)(C)C,-4.74,-3.9852922,-0.7547078037261965,0.7547078037261965
O=N(=O)c1cc(cc(c1)N(=O)=O)N(=O)=O,-2.89,-3.7992885,0.909288511276245,0.909288511276245
CN2C(=O)CN=C(c1ccccc1)c3cc(ccc23)N(=O)=O,-3.796,-3.7273605,-0.06863951301574689,0.06863951301574689
CCC,-1.94,-1.3328617,-0.6071383380889892,0.6071383380889892
Nc1cc(nc(N)n1=O)N2CCCCC2 ,-1.989,-2.0963292,0.1073292121887206,0.1073292121887206
Nc2cccc3nc1ccccc1cc23 ,-4.22,-4.3405757,0.12057569503784205,0.12057569503784205
c1ccc2cc3c4cccc5cccc(c3cc2c1)c45,-8.49,-7.7115283,-0.7784716987609865,0.7784716987609865
OC(c1ccc(Cl)cc1)(c2ccc(Cl)cc2)C(Cl)(Cl)Cl,-5.666,-7.1600947,1.4940947380065914,1.4940947380065914
C1Cc2cccc3cccc1c23,-4.63,-4.9337935,0.3037935447692872,0.3037935447692872
CCOP(=S)(OCC)SC(CCl)N2C(=O)c1ccccc1C2=O,-6.34,-4.650399,-1.6896007919311522,1.6896007919311522
Brc1ccc(Br)cc1,-4.07,-4.0933757,0.023375682830810263,0.023375682830810263
Cn2c(=O)on(c1ccc(Cl)c(Cl)c1)c2=O,-2.82,-2.6325855,-0.18741447448730453,0.18741447448730453
Oc1ccc(cc1)c2ccccc2,-3.48,-3.5103655,0.03036548614501955,0.03036548614501955
CC1=C(CCCO1)C(=O)Nc2ccccc2 ,-2.56,-3.6161191,1.0561191463470458,1.0561191463470458
CCOC=C,-0.85,-1.9288456,1.0788456439971923,1.0788456439971923
CCC#C,-1.24,-2.0364544,0.796454439163208,0.796454439163208
COc1ncnc2nccnc12 ,-1.11,-1.0732887,-0.03671132087707529,0.03671132087707529
CCCCC(C)(O)CC,-1.6,-0.9431139,-0.6568860769271851,0.6568860769271851
Clc1ccc(Cl)cc1,-3.27,-3.4811602,0.2111601638793945,0.2111601638793945
O=C1N(COC(=O)C)C(=O)C(N1)(c2ccccc2)c3ccccc3,-4.47,-5.01418,0.5441801834106448,0.5441801834106448
CSCS(=O)CC(CO)NC(=O)C=Cc1c(C)[nH]c(=O)[nH]c1=O,-1.981,-3.2840126,1.3030125560760497,1.3030125560760497
Cc1c[nH]c2ccccc12 ,-2.42,-2.9500473,0.530047254562378,0.530047254562378
COc2ncc1nccnc1n2,-1.11,-0.36091933,-0.7490806734561921,0.7490806734561921
CNC(=O)Oc1ccccc1C2OCCO2,-1.57,-1.7362947,0.16629474639892572,0.16629474639892572
C1N(C(=O)NCC(C)C)C(=O)NC1,-2.15,-1.3865693,-0.7634307384490966,0.7634307384490966
CC#N,0.26,-0.27411422,0.5341142213344574,0.5341142213344574
CCOC(=O)NCCOc2ccc(Oc1ccccc1)cc2,-4.7,-4.5633025,-0.13669748306274432,0.13669748306274432
CC(=O)N(S(=O)c1ccc(N)cc1)c2onc(C)c2C ,-3.59,-3.8465931,0.2565931415557863,0.2565931415557863
ClCC(Cl)(Cl)Cl,-2.18,-1.7339871,-0.4460129070281984,0.4460129070281984
CCCCO,0.0,-1.2901107,1.29011070728302,1.29011070728302
CC1CCCCC1NC(=O)Nc2ccccc2,-4.11,-4.6116915,0.5016914749145505,0.5016914749145505
Clc1cc(Cl)cc(Cl)c1,-4.48,-4.4285326,-0.051467399597168395,0.051467399597168395
O=Cc1ccco1,-0.1,-0.91426104,0.8142610430717468,0.8142610430717468
CC(C)CCO,-0.51,-2.1985943,1.688594331741333,1.688594331741333
O=Cc2ccc1OCOc1c2 ,-1.63,-1.5820382,-0.04796183586120595,0.04796183586120595
CC(=C)C,-2.33,-1.9874882,-0.3425118494033814,0.3425118494033814
O=Cc1ccccc1,-1.19,-1.7628975,0.5728974914550782,0.5728974914550782
CC(=C)C(=C)C,-2.4,-2.348877,-0.05112304687499991,0.05112304687499991
CCOC(=O)CCN(SN(C)C(=O)Oc1cccc2CC(C)(C)Oc21)C(C)C,-4.71,-4.7658916,0.05589155197143558,0.05589155197143558
O2c1ccccc1N(C)C(=O)c3cccnc23 ,-3.672,-3.7617087,0.08970873641967758,0.08970873641967758
C1c2ccccc2c3ccccc13,-5.0,-5.3060856,0.30608558654785156,0.30608558654785156
CC1CCCCC1,-3.85,-4.3980374,0.5480374336242675,0.5480374336242675
NC(=N)NS(=O)(=O)c1ccc(N)cc1 ,-1.99,-2.2743077,0.2843077278137207,0.2843077278137207
COC(=O)c1ccc(O)cc1,-1.827,-1.5048792,-0.3221207637786865,0.3221207637786865
CC1CCCO1,0.11,-0.3723486,0.4823486065864563,0.4823486065864563
CC3C2CCC1(C)C=CC(=O)C(=C1C2OC3=O)C,-3.09,-3.1170685,0.027068529129028462,0.027068529129028462
OCC2OC(Oc1ccccc1CO)C(O)C(O)C2O,-0.85,0.16391668,-1.013916677236557,1.013916677236557
CCCI,-2.29,-2.874342,0.5843419647216797,0.5843419647216797
CCNc1nc(NC(C)C)nc(SC)n1,-3.04,-2.7222116,-0.31778840065002445,0.31778840065002445
CCCO,0.62,-1.0753881,1.6953880739212037,1.6953880739212037
CC(=O)C1(O)CCC2C3CCC4=CC(=O)CCC4(C)C3CCC21C,-3.817,-5.0662055,1.2492055015563963,1.2492055015563963
CCCC(C)O,-0.29,-0.76179427,0.47179426908493044,0.47179426908493044
OC(C(=O)c1ccccc1)c2ccccc2,-2.85,-4.040589,1.1905888557434081,1.1905888557434081
Cc1ccc(O)c(C)c1,-1.19,-0.635219,-0.5547810220718383,0.5547810220718383
Clc1cccc(c1)N(=O)=O,-2.77,-1.73961,-1.030390043258667,1.030390043258667
Cc2c(N)c(=O)n(c1ccccc1)n2C,-0.624,-0.8997903,0.27579028701782227,0.27579028701782227
Clc1ccc(c(Cl)c1)c2cc(Cl)ccc2Cl ,-6.57,-7.304646,0.734646015167236,0.734646015167236
ClC(=C(Cl)C(=C(Cl)Cl)Cl)Cl,-4.92,-5.411889,0.4918890762329102,0.4918890762329102
CCNc1nc(NC(C)(C)C)nc(SC)n1,-4.0,-3.6049957,-0.3950042724609375,0.3950042724609375
CCC(C)CCO,-0.71,-2.4195006,1.7095005893707276,1.7095005893707276
Cc2ncc1nccnc1n2,-0.12,-0.41586787,0.2958678650856018,0.2958678650856018
CC23Cc1cnoc1C=C2CCC4C3CCC5(C)C4CCC5(O)C#C,-5.507000000000001,-5.897101,0.3901009254455561,0.3901009254455561
CCCCI,-2.96,-3.6635964,0.7035963916778565,0.7035963916778565
Brc1ccc2ccccc2c1,-4.4,-4.6696467,0.26964673995971644,0.26964673995971644
CC1OC(CC(O)C1O)OC2C(O)CC(OC2C)OC8C(O)CC(OC7CCC3(C)C(CCC4C3CC(O)C5(C)C(CCC45O)C6=CC(=O)OC6)C7)OC8C ,-4.081,-4.81328,0.7322801055908199,0.7322801055908199
FC(F)(F)c1ccccc1,-2.51,-3.0036037,0.49360369682312033,0.49360369682312033
CCCCCCOC(=O)c1ccccc1C(=O)OCCCCCC,-6.144,-4.692223,-1.4517769279479982,1.4517769279479982
c1ccc2c(c1)sc3ccccc23,-4.38,-4.830337,0.4503370475769044,0.4503370475769044
Clc1ccc(c(Cl)c1)c2ccc(Cl)c(Cl)c2Cl ,-7.8,-7.738143,-0.06185703277587873,0.06185703277587873
Clc1ccc(c(Cl)c1Cl)c2ccc(Cl)c(Cl)c2Cl ,-8.01,-7.7556086,-0.25439144134521463,0.25439144134521463
CC(=O)CC(c1ccccc1)c3c(O)c2ccccc2oc3=O ,-3.893,-3.808314,-0.08468591499328593,0.08468591499328593
c1ccccc1C(O)C(O)c2ccccc2,-1.93,-1.6861422,-0.24385779380798334,0.24385779380798334
COC(=O)c1ccccc1C(=O)OC,-1.66,-2.164534,0.504534091949463,0.504534091949463
CCCCCCCC(=O)OCC,-3.39,-1.8374226,-1.5525773906707765,1.5525773906707765
CCSSCC,-2.42,-2.9792874,0.5592873859405518,0.5592873859405518
CCOCCOCC,-0.77,-0.90190387,0.1319038677215576,0.1319038677215576
Clc1cc(Cl)c(Cl)cc1Cl,-5.56,-5.123034,-0.4369659996032711,0.4369659996032711
Nc1ccc(cc1)c2ccc(N)cc2,-2.7,-4.4513474,1.7513473510742186,1.7513473510742186
CCCCCC=C,-3.73,-2.8081691,-0.9218308734893799,0.9218308734893799
CCCCc1c(C)nc(NCC)[nH]c1=O,-3.028,-2.2064283,-0.8215717105865479,0.8215717105865479
O=C1NC(=O)NC(=O)C1(CC)C(C)CCC,-2.39,-2.4720752,0.08207522392272937,0.08207522392272937
Nc1ccccc1Cl,-1.52,-2.4399207,0.9199206638336181,0.9199206638336181
COc1cccc(Cl)c1,-2.78,-1.9626807,-0.8173193025588987,0.8173193025588987
CCCCN(CC)C(=O)SCCC,-3.53,-1.4514737,-2.0785262870788572,2.0785262870788572
CCCCOC=O,-1.37,-0.26041085,-1.1095891547203065,1.1095891547203065
CC12CC(O)C3C(CCC4=CC(=O)C=CC34C)C2CCC1(O)C(=O)CO,-3.18,-3.2696278,0.08962780952453597,0.08962780952453597
BrC(Cl)Cl,-1.54,-2.1108449,0.5708448505401611,0.5708448505401611
CC34CC(=O)C1C(CCC2=CC(=O)CCC12C)C3CCC4(=O) ,-3.48,-3.954922,0.4749219608306885,0.4749219608306885
c1ccc(cc1)c2ccc(cc2)c3ccccc3,-7.11,-7.119369,0.009369029998778977,0.009369029998778977
Oc1ccc(C=O)cc1,-0.96,-1.1227226,0.1627226257324219,0.1627226257324219
CBr,-0.79,-1.2823768,0.49237676620483395,0.49237676620483395
Cc1cc(ccc1NS(=O)(=O)C(F)(F)F)S(=O)(=O)c2ccccc2,-3.8,-4.7917047,0.9917046546936037,0.9917046546936037
CC(=O)CC(c1ccc(Cl)cc1)c2c(O)c3ccccc3oc2=O,-5.839,-5.1030164,-0.7359836235046391,0.7359836235046391
CCc1ccc2ccccc2c1,-4.29,-4.945044,0.6550440406799316,0.6550440406799316
Nc1c(C)c[nH]c(=O)n1 ,-1.4580000000000002,-1.0053817,-0.45261829662323017,0.45261829662323017
Clc2c(Cl)c(Cl)c(c1ccccc1)c(Cl)c2Cl ,-7.92,-7.3192573,-0.6007427406311034,0.6007427406311034
c1c(NC(=O)c2ccccc2(I))cccc1,-4.21,-4.1339197,-0.07608028411865231,0.07608028411865231
Cc3cc2nc1c(=O)[nH]c(=O)nc1n(CC(O)C(O)C(O)CO)c2cc3C,-3.685,-4.3087974,0.6237973594665527,0.6237973594665527
Fc1ccccc1Br,-2.7,-3.5289233,0.8289232730865477,0.8289232730865477
Oc1ccc(Cl)cc1Cl,-1.55,-2.1937947,0.6437947273254394,0.6437947273254394
CC1(C)C(C=C(Cl)Cl)C1C(=O)OCc2cccc(Oc3ccccc3)c2,-6.291,-7.444755,1.1537550773620602,1.1537550773620602
CN2C(=C(O)c1ccccc1S2(=O)=O)C(=O)Nc3ccccn3 ,-4.16,-4.262806,0.10280593872070298,0.10280593872070298
O=C1N(COC(=O)CC)C(=O)C(N1)(c2ccccc2)c3ccccc3,-4.907,-5.1690316,0.26203162002563474,0.26203162002563474
C1CCCC1,-2.64,-4.248713,1.6087130165100096,1.6087130165100096
Cc1ccccc1N,-2.21,-1.8983811,-0.3116188859939575,0.3116188859939575
c1(OC)ccc(CC=C)cc1,-2.92,-3.0642703,0.14427025794982917,0.14427025794982917
CN(C)C(=O)Nc1cccc(OC(=O)NC(C)(C)C)c1 ,-2.93,-3.651868,0.7218681049346922,0.7218681049346922
CC(C)C=C,-2.73,-2.0944405,-0.6355595397949219,0.6355595397949219
Oc1ccccn1,1.02,0.03143285,0.9885671515762806,0.9885671515762806
CC,-1.36,-1.0876167,-0.2723833179473878,0.2723833179473878
Clc1ccccc1Cl,-3.05,-3.2477217,0.19772167205810565,0.19772167205810565
Sc2nc1ccccc1s2 ,-3.18,-2.7390842,-0.4409157562255861,0.4409157562255861
Clc1c(Cl)c(Cl)c(c(Cl)c1Cl)c2c(Cl)c(Cl)c(Cl)c(Cl)c2Cl ,-11.6,-7.727342,-3.8726578712463375,3.8726578712463375
COc2c1occc1cc3ccc(=O)oc23 ,-3.664,-3.3356655,-0.32833453559875503,0.32833453559875503
CC(=O)N,1.58,-0.4375823,2.017582314014435,2.017582314014435
Cc1cccc2ccccc12,-3.7,-3.7079785,0.00797848701477033,0.00797848701477033
CCN(CC)C(=O)C(C)Oc1cccc2ccccc12 ,-3.57,-3.7195175,0.1495174694061281,0.1495174694061281
CC(O)C(C)(C)C,-0.62,-0.73956347,0.11956346511840821,0.11956346511840821
CCCC(=O)OCC,-1.36,-1.8566263,0.496626272201538,0.496626272201538
CC2=CC(=O)c1ccccc1C2=O ,-3.03,-2.947515,-0.08248498916625957,0.08248498916625957
c1ccc2c(c1)ccc3ccccc32,-5.26,-5.424363,0.16436313629150412,0.16436313629150412
Cc1ccnc(C)c1,0.38,-0.41906053,0.7990605282783508,0.7990605282783508
CCCCCCCCCO,-3.01,-3.1783142,0.1683142089843752,0.1683142089843752
BrCBr,-1.17,-2.7716508,1.601650791168213,1.601650791168213
CC1CC2C3CCC4=CC(=O)C=CC4(C)C3(F)C(O)CC2(C)C1(O)C(=O)CO,-3.59,-3.843395,0.2533949947357179,0.2533949947357179
Cc1ccc2cc(C)ccc2c1,-4.89,-5.385134,0.49513422012329134,0.49513422012329134
CCSC(=O)N(CC(C)C)CC(C)C,-3.68,-3.1341708,-0.5458292293548586,0.5458292293548586
O=N(=O)OCC(CON(=O)=O)ON(=O)=O ,-2.22,-2.370136,0.15013602256774883,0.15013602256774883
Nc1cccc(c1)N(=O)=O,-2.19,-1.4268785,-0.7631215476989746,0.7631215476989746
CCCCCl,-2.03,-3.2846413,1.2546412658691408,1.2546412658691408
ClC(Cl)(Cl)C(NC=O)N1C=CN(C=C1)C(NC=O)C(Cl)(Cl)Cl ,-4.19,-3.86183,-0.3281700038909916,0.3281700038909916
Cn2cc(c1ccccc1)c(=O)c(c2)c3cccc(c3)C(F)(F)F,-4.445,-5.4045315,0.9595314788818357,0.9595314788818357
Nc3cc2c1ccccc1ccc2c4ccccc34 ,-6.2,-7.2225084,1.0225084304809569,1.0225084304809569
CC12CCC3C(CCc4cc(O)ccc34)C2CCC1=O,-3.955,-4.770539,0.8155388069152831,0.8155388069152831
CCN2c1ccccc1N(C)C(=S)c3cccnc23 ,-4.706,-4.717185,0.011185020446776939,0.011185020446776939
CC1CO1,-0.59,-0.19153479,-0.39846521258354184,0.39846521258354184
O=C3CN=C(c1ccccc1)c2cc(ccc2N3)N(=O)=O,-3.796,-3.8592126,0.06321263694763202,0.06321263694763202
CCNC(=S)NCC,-1.46,-2.0469887,0.5869887256622315,0.5869887256622315
Oc1cc(Cl)cc(Cl)c1Cl,-2.67,-3.2767513,0.6067512798309327,0.6067512798309327
CCCCC(=O)OC,-1.34,-1.3557884,0.015788350105285565,0.015788350105285565
Nc1ccccc1,-0.41,-1.641193,1.2311930322647096,1.2311930322647096
Cc1cccc2c(C)cccc12,-4.678999999999999,-5.187774,0.5087741813659674,0.5087741813659674
NS(=O)(=O)c2cc1c(NCNS1(=O)=O)cc2Cl ,-2.63,-3.5700188,0.940018768310547,0.940018768310547
C1=Cc2cccc3cccc1c23,-3.96,-4.6113644,0.6513643646240235,0.6513643646240235
CCCCCOC(=O)CC,-1.28,-1.4509956,0.17099556446075437,0.17099556446075437
CCNc1nc(NC(C)C)nc(OC)n1,-2.084,-2.3110662,0.22706615066528313,0.22706615066528313
c1ccc2c(c1)cc3ccc4cccc5ccc2c3c45,-8.699,-7.6576605,-1.041339515686035,1.041339515686035
CCBr,-1.09,-1.0878402,-0.0021598005294800604,0.0021598005294800604
CCC#CCC,-1.99,-2.9352534,0.945253381729126,0.945253381729126
CC1OC(CC(O)C1O)OC2C(O)CC(OC2C)OC8C(O)CC(OC7CCC3(C)C(CCC4C3CCC5(C)C(CCC45O)C6=CC(=O)OC6)C7)OC8C ,-5.292999999999999,-5.6166854,0.32368539047241285,0.32368539047241285
CCC(=C)C,-2.73,-2.245797,-0.4842030811309814,0.4842030811309814
Oc1cccc2cccnc12 ,-2.42,-2.3721132,-0.04788677215576165,0.04788677215576165
C1CCc2ccccc2C1,-4.37,-4.7043943,0.3343943405151366,0.3343943405151366
Oc1ccc(cc1)C2(OC(=O)c3ccccc23)c4ccc(O)cc4 ,-2.9,-4.830153,1.930152988433838,1.930152988433838
Brc1cc(Br)cc(Br)c1,-5.6,-5.239906,-0.3600941658020016,0.3600941658020016
COP(=S)(OC)Oc1cc(Cl)c(Cl)cc1Cl,-5.72,-6.029846,0.30984619140625025,0.30984619140625025
Cc1cc(=O)[nH]c(=S)[nH]1,-2.436,-2.079429,-0.3565710887908935,0.3565710887908935
COc1cc(CC=C)ccc1O,-1.56,-1.6585054,0.09850543975830073,0.09850543975830073
O=C1NC(=O)NC(=O)C1(C(C)C)CC=C,-1.7080000000000002,-2.2822564,0.5742563648223875,0.5742563648223875
c1cc2ccc3cccc4ccc(c1)c2c34,-6.176,-7.120282,0.9442821731567381,0.9442821731567381
CCOC(C)OCC,-0.43,-2.2695618,1.839561767578125,1.839561767578125
CC1(C)CON(Cc2ccccc2Cl)C1=O,-2.338,-3.0361571,0.6981571311950683,0.6981571311950683
CCCCOCCO,-0.42,-1.5283521,1.1083521413803101,1.1083521413803101
Clc1c(Cl)c(Cl)c(N(=O)=O)c(Cl)c1Cl,-5.82,-5.516875,-0.3031252098083499,0.3031252098083499
CC12CCC(O)CC1CCC3C2CCC4(C)C3CCC4=O,-4.402,-4.638787,0.23678679275512682,0.23678679275512682
FC(F)(F)c1cccc(c1)N2CC(CCl)C(Cl)C2=O,-4.047,-4.505796,0.4587959556579593,0.4587959556579593
c1ccc2ncccc2c1,-1.3,-2.4758456,1.1758455753326416,1.1758455753326416
COC(=O)c1cc(O)c(O)c(O)c1 ,-1.24,-1.1129636,-0.12703644275665282,0.12703644275665282
OC(Cn1cncn1)(Cn2cncn2)c3ccc(F)cc3F ,-1.8,-3.0702856,1.2702855587005615,1.2702855587005615
Clc2ccc1oc(=O)[nH]c1c2,-2.8310000000000004,-2.695758,-0.13524189567565958,0.13524189567565958
Clc1ccc(c(Cl)c1)c2c(Cl)c(Cl)c(Cl)c(Cl)c2Cl,-7.92,-7.8356605,-0.08433954238891594,0.08433954238891594
O=C1NC(=O)C(=O)C(=O)N1 ,-1.25,-0.7459934,-0.5040066242218018,0.5040066242218018
ClCCCCl,-1.62,-2.911277,1.2912770557403563,1.2912770557403563
Fc1cccc(Br)c1,-2.67,-3.1664684,0.49646838188171394,0.49646838188171394
Clc1ccc(Br)cc1,-3.63,-4.173269,0.5432687950134278,0.5432687950134278
CC(C)C(C)C,-3.65,-2.952738,-0.6972619533538817,0.6972619533538817
CCC=C,-1.94,-2.1293151,0.18931513786315923,0.18931513786315923
Clc1ccc(Cl)c(c1)c2cc(Cl)c(Cl)c(Cl)c2Cl,-7.68,-7.7810273,0.10102731704711942,0.10102731704711942
Nc1cc[nH]c(=O)n1 ,-1.155,-0.77008,-0.3849200296401978,0.3849200296401978
FC(F)(Cl)C(F)(Cl)Cl,-3.04,-2.8926651,-0.14733485221862797,0.14733485221862797
CCC#N,0.28,-0.37793952,0.657939522266388,0.657939522266388
ClC(Cl)C(c1ccc(Cl)cc1)c2ccccc2Cl ,-6.51,-6.7817044,0.2717044258117678,0.2717044258117678
COc1ccccc1N(=O)=O,-1.96,-1.9619123,0.0019122743606567738,0.0019122743606567738
CC34CCC1C(CC=C2CC(O)CCC12C)C3CCC4=O,-4.12,-4.3001122,0.1801122474670409,0.1801122474670409
CC12CC2(C)C(=O)N(C1=O)c3cc(Cl)cc(Cl)c3,-4.8,-5.5810466,0.7810465812683107,0.7810465812683107
c1cc2ccc3ccc4ccc5cccc6c(c1)c2c3c4c56,-9.018,-7.581346,-1.4366539649963386,1.4366539649963386
CCC(C)c1cc(cc(N(=O)=O)c1O)N(=O)=O ,-3.38,-3.7477598,0.3677598190307618,0.3677598190307618
c1c(OC)c(OC)C2C(=O)OCC2c1,-1.899,-2.7498379,0.8508378753662109,0.8508378753662109
OCC(O)CO,1.12,-0.12693284,1.2469328445196153,1.2469328445196153
COc1ccccc1O ,-1.96,-0.51055306,-1.4494469380378723,1.4494469380378723
CCOP(=S)(OCC)Oc1nc(Cl)c(Cl)cc1Cl ,-5.67,-6.1668067,0.49680669784545906,0.49680669784545906
Cc1c2ccccc2cc3ccccc13,-5.89,-5.995519,0.10551916122436555,0.10551916122436555
Cc1cc(=O)n(c2ccccc2)n1C,0.715,-0.39861822,1.1136182212829588,1.1136182212829588
CCCCOC,-0.99,-1.02314,0.03313995361328126,0.03313995361328126
Cc2cnc1cncnc1n2,-0.8540000000000001,-0.6501558,-0.20384421730041513,0.20384421730041513
CCNc1nc(Cl)nc(NCC)n1 ,-4.55,-1.99282,-2.5571799755096434,2.5571799755096434
CN(C)C(=O)C,1.11,-0.6983356,1.8083355879783631,1.8083355879783631
CSc1nc(nc(n1)N(C)C)N(C)C,-2.676,-2.5682425,-0.10775745010375992,0.10775745010375992
C=C,-0.4,-1.5389235,1.1389235019683839,1.1389235019683839
CC(C)(C)CCO,-0.5,-1.9947149,1.4947148561477661,1.4947148561477661
O=C1NC(=O)NC(=O)C1(CC)CC=C,-1.614,-1.872066,0.25806602096557607,0.25806602096557607
Oc1ccc(Cl)c(Cl)c1Cl,-2.67,-3.1380439,0.46804388046264656,0.46804388046264656
COc1ccccc1,-1.85,-1.7911274,-0.058872556686401456,0.058872556686401456
c1ccc(Cl)cc1C(c2ccc(Cl)cc2)(O)C(=O)OC(C)C,-4.53,-5.0644107,0.5344106864929197,0.5344106864929197
CC13CCC(=O)C=C1CCC4C2CCC(C(=O)CO)C2(CC(O)C34)C=O ,-3.85,-4.059398,0.20939817428588858,0.20939817428588858
COc2ccc(Oc1ccc(NC(=O)N(C)C)cc1)cc2,-4.16,-4.38384,0.2238400840759276,0.2238400840759276
CCc1ccc(C)cc1,-3.11,-3.2298436,0.11984361648559583,0.11984361648559583
CC(C)SC(C)C,-2.24,-2.3411605,0.10116053581237772,0.10116053581237772
O=N(=O)c1cccc(c1)N(=O)=O,-2.29,-3.2393043,0.9493043041229248,0.9493043041229248
CCOP(=S)(OCC)SCSP(=S)(OCC)OCC,-5.54,-5.264377,-0.2756228828430176,0.2756228828430176
CCC1(C(C)C)C(=O)NC(=O)NC1=O ,-2.21,-2.1180398,-0.09196015357971188,0.09196015357971188
CC(=O)OCC(=O)C3(O)CCC4C2CCC1=CC(=O)CCC1(C)C2C(=O)CC34C ,-4.21,-4.604666,0.3946662330627442,0.3946662330627442
Cc1ncc(N(=O)=O)n1CCO,-1.22,-0.71596783,-0.5040321660041809,0.5040321660041809
Nc1ccc(Cl)cc1,-1.66,-2.551476,0.891476001739502,0.891476001739502
CCCC(C)(C)CO,-1.52,-1.6506101,0.13061008930206297,0.13061008930206297
c1ccoc1,-0.82,-0.08911063,-0.7308893722295761,0.7308893722295761
COCCCNc1nc(NC(C)C)nc(SC)n1,-2.928,-2.9242756,-0.0037243633270263032,0.0037243633270263032
CN(C)C(=O)NC1CC2CC1C3CCCC23,-3.1710000000000003,-3.6666791,0.4956791439056394,0.4956791439056394
CC(C)(C)c1ccccc1,-3.66,-3.4500673,-0.20993271827697768,0.20993271827697768
CC(=O)CCC1C(=O)N(N(C1=O)c2ccccc2)c3ccccc3,-3.27,-3.8755772,0.6055772113800049,0.6055772113800049
CC(=O)OCC(=O)C3(O)CCC4C2CCC1=CC(=O)C=CC1(C)C2C(O)CC34C ,-4.37,-4.083445,-0.28655492782592784,0.28655492782592784
CCCOC,-0.39,-1.0963187,0.7063187217712402,0.7063187217712402
CC(C)OC(=O)C,-0.55,-0.5551876,0.005187582969665483,0.005187582969665483
Brc1ccccc1,-2.55,-2.1587713,-0.3912287235260008,0.3912287235260008
CCOC(=O)c1ccc(O)cc1,-2.35,-1.732689,-0.6173109769821168,0.6173109769821168
O=C1N(COC(=O)CCC)C(=O)C(N1)(c2ccccc2)c3ccccc3,-5.071000000000001,-5.423506,0.35250578308105407,0.35250578308105407
CCC(=O)OC3CCC4C2CCC1=CC(=O)CCC1(C)C2CCC34C ,-5.37,-5.3086696,-0.06133043289184581,0.06133043289184581
c1cc2ccc3ccc4ccc5ccc6ccc1c7c2c3c4c5c67,-9.332,-7.4713473,-1.8606526679992683,1.8606526679992683
O=c1[nH]cnc2[nH]ncc12 ,-2.266,-2.7401812,0.47418120765686034,0.47418120765686034
ClC=C,-1.75,-1.6405466,-0.10945343971252441,0.10945343971252441
CN(C)C(=O)C(c1ccccc1)c2ccccc2 ,-2.98,-3.7623484,0.7823484134674072,0.7823484134674072
BrC(Br)(Br)Br,-3.14,-3.424313,0.28431306838989245,0.28431306838989245
CCN2c1cc(N(C)C)cc(C)c1NC(=O)c3cccnc23 ,-4.871,-5.0290956,0.15809564971923784,0.15809564971923784
O=C1NC(=O)c2ccccc12 ,-2.61,-2.6287532,0.01875318527221692,0.01875318527221692
OC(c1ccc(Cl)cc1)(c2cncnc2)c3ccccc3Cl,-4.38,-6.1072664,1.7272664260864259,1.7272664260864259
COC(=O)c1ccccc1,-1.85,-1.5456827,-0.304317331314087,0.304317331314087
Cn1ccc(=O)[nH]c1=O,-0.807,-0.4960381,-0.3109618909358979,0.3109618909358979
CCCCC1C(=O)N(N(C1=O)c2ccc(O)cc2)c3ccccc3 ,-3.73,-3.9251437,0.19514371871948244,0.19514371871948244
Clc1ccc(Cl)c(c1)c2cccc(Cl)c2Cl ,-6.47,-7.479679,1.0096791076660159,1.0096791076660159
CCC2NC(=O)c1cc(c(Cl)cc1N2)S(N)(=O)=O,-3.29,-3.9376585,0.6476585483551025,0.6476585483551025
CN(C)C(=O)Nc1ccc(Cl)c(Cl)c1,-3.8,-3.9137843,0.11378426551818865,0.11378426551818865
C1CC=CC1,-2.1,-2.731045,0.6310450077056884,0.6310450077056884
C1(=O)NC(=O)NC(=O)C1(O)C2(O)C(=O)NC(=O)NC2(=O),-1.99,-2.2615273,0.27152729988098145,0.27152729988098145
CCCCCCCCC,-5.88,-5.9008965,0.020896549224853622,0.020896549224853622
Oc1ccccc1Cl,-1.06,-2.104068,1.0440680408477783,1.0440680408477783
c1cccc2c3c(C)cc4ccccc4c3ccc12,-6.59,-7.4396687,0.849668655395508,0.849668655395508
CCOc1ccccc1,-2.33,-1.9686575,-0.3613425064086915,0.3613425064086915
CCOC(=O)C=Cc1ccccc1,-3.0,-2.2922428,-0.7077572345733643,0.7077572345733643
Cc1[nH]c(=O)n(c(=O)c1Cl)C(C)(C)C,-2.484,-2.554738,0.07073804473876955,0.07073804473876955
Clc1ccccc1C2=NCC(=O)Nc3ccc(cc23)N(=O)=O,-3.499,-4.2697477,0.7707477340698241,0.7707477340698241
Cc1ccc(cc1)S(=O)(=O)N,-1.74,-2.063729,0.32372904777526856,0.32372904777526856
CC(OC(=O)Nc1cccc(Cl)c1)C#C,-2.617,-3.7516825,1.1346825199127197,1.1346825199127197
CCCCCC(C)C,-5.08,-3.231901,-1.848099069595337,1.848099069595337
CC1(C)C(C=C(Cl)C(F)(F)F)C1C(=O)OC(C#N)c2cccc(Oc3ccccc3)c2,-8.176,-7.376423,-0.799577117919922,0.799577117919922
CCCC1C(=O)N3N(C1=O)c2cc(C)ccc2N=C3N(C)C ,-3.5380000000000003,-3.5283136,-0.0096863632202151,0.0096863632202151
CN2C(=O)CN=C(c1ccccc1)c3cc(Cl)ccc23,-3.754,-4.598458,0.8444578132629394,0.8444578132629394
CCC(O)C(C)C,-0.7,-0.33063537,-0.36936463117599483,0.36936463117599483
CCOP(=S)(OCC)Oc1ccc(cc1)S(C)=O ,-2.3,-4.3991456,2.099145603179932,2.099145603179932
CC1(C)C2CCC1(C)C(O)C2,-2.32,-1.4985403,-0.8214597177505492,0.8214597177505492
CC12CCC3C(CCC4=CC(=O)CCC34C)C2CCC1O,-4.02,-4.268288,0.24828813552856488,0.24828813552856488
CCCCCCC,-4.53,-1.9433708,-2.5866291809082034,2.5866291809082034
Oc1cccc2ccccc12,-2.22,-3.0464368,0.8264367866516111,0.8264367866516111
C/C1CCCCC1\C,-4.3,-4.5615644,0.26156444549560565,0.26156444549560565
COc2cc1c(N)nc(nc1c(OC)c2OC)N3CCN(CC3)C(=O)OCC(C)(C)O ,-3.638,-4.535847,0.8978471870422364,0.8978471870422364
C1Cc2c3c1cccc3cc4c2ccc5ccccc54,-7.85,-7.6613507,-0.18864927291870082,0.18864927291870082
CC(=O)C3(C)CCC4C2C=C(C)C1=CC(=O)CCC1(C)C2CCC34C,-5.27,-5.392977,0.12297723770141644,0.12297723770141644
CCCCCC(=O)C,-1.45,-1.0236655,-0.4263344526290893,0.4263344526290893
COP(=O)(NC(C)=O)SC ,0.54,-1.1005715,1.6405715131759644,1.6405715131759644
CCCCSP(=O)(SCCCC)SCCCC,-5.14,-4.463702,-0.676297798156738,0.676297798156738
c1cC2C(=O)NC(=O)C2cc1,-2.932,-1.9255697,-1.0064303464889526,1.0064303464889526
NS(=O)(=O)c2cc1c(NC(NS1(=O)=O)C(Cl)Cl)cc2Cl ,-2.68,-4.6949854,2.0149853897094725,2.0149853897094725
CC=C(C)C,-2.56,-2.111791,-0.4482091045379639,0.4482091045379639
Cc1ccc(C)c(C)c1,-3.31,-3.0076087,-0.3023913478851319,0.3023913478851319
Oc1cc(Cl)c(Cl)cc1Cl,-2.21,-3.6332479,1.4232478523254395,1.4232478523254395
c1ccc2c(c1)cnc3ccccc23 ,-2.78,-5.051933,2.2719328117370607,2.2719328117370607
CCCC(C)(O)CC,-0.98,-0.9826767,0.0026766848564148127,0.0026766848564148127
CCCCCCCC,-5.24,-2.3167324,-2.9232675933837893,2.9232675933837893
c1ccc2cc3ccccc3cc2c1,-6.35,-6.958279,0.6082791328430179,0.6082791328430179
NNc1ccccc1,0.07,-1.9749947,2.044994659423828,2.044994659423828
CCC=O,0.58,-0.36308616,0.9430861639976501,0.9430861639976501
C1CCCCCCC1,-4.15,-1.132575,-3.0174249649047855,3.0174249649047855
O=C1NC(=O)NC(=O)C1(CC=C)CC=C,-2.077,-1.927013,-0.14998696041107173,0.14998696041107173
ClC(Cl)Cl,-1.17,-1.4303473,0.26034732341766365,0.26034732341766365
Sc1nccc(=O)[nH]1 ,-2.273,-0.89000624,-1.3829937558174135,1.3829937558174135
Clc1ccc(CN(C2CCCC2)C(=O)Nc3ccccc3)cc1,-5.915,-6.063045,0.14804502487182614,0.14804502487182614
CC1=CCCCC1,-3.27,-3.6827636,0.41276357650756834,0.41276357650756834
CCCCC(CC)C=O,-2.13,-0.8599643,-1.2700356888771056,1.2700356888771056
COc2c1occc1c(OC)c3c(=O)cc(C)oc23 ,-3.0210000000000004,-4.2312536,1.210253623962402,1.210253623962402
O=C1NC(=O)NC(=O)C1(CC)CCC(C)C,-2.658,-2.330694,-0.3273060398101806,0.3273060398101806
c1ccc2c3c(ccc2c1)c4cccc5cccc3c45,-8.0,-7.686946,-0.31305408477783203,0.31305408477783203
CCC(CC)C=O,-1.52,-0.6022626,-0.9177373838424683,0.9177373838424683
CCCOCCC,-1.62,-2.9526184,1.332618360519409,1.332618360519409
CCCCCCCCCCCCCCO,-5.84,-5.541867,-0.2981332206726073,0.2981332206726073
Oc1c(Cl)ccc(Cl)c1Cl,-2.64,-2.9199529,0.2799528694152831,0.2799528694152831
NC(=O)N,0.96,-0.3289817,1.2889816975593567,1.2889816975593567
CCCC#C,-1.64,-2.5553005,0.9153004741668702,0.9153004741668702
Brc1cccc(Br)c1,-3.54,-3.4625905,-0.0774095439910889,0.0774095439910889
CCCCCCCCCCCCCCCCCCO,-8.4,-6.3087173,-2.0912827491760257,2.0912827491760257
CC(=O)Nc1ccccc1,-1.33,-1.7767103,0.4467102718353271,0.4467102718353271
c1cc(O)c(O)c2OCC3(O)CC4=CC(=O)C(O)=CC4=C3c21,-2.7,-4.7924533,2.0924532890319822,2.0924532890319822
c1nccc(C(=O)NN)c1,0.009,-0.6533159,0.6623159017562866,0.6623159017562866
OC1C=CC2C1C3(Cl)C(=C(Cl)C2(Cl)C3(Cl)Cl)Cl ,-5.46,-6.7210364,1.261036434173584,1.261036434173584
CC(C)CCOC=O,-1.52,-1.3037527,-0.21624733924865724,0.21624733924865724
CC(=O)c1ccccc1,-1.28,-1.6684289,0.388428897857666,0.388428897857666
c2ccc1nc(ccc1c2)c4ccc3ccccc3n4 ,-5.4,-6.56136,1.161359882354736,1.161359882354736
CCOP(=O)(OCC)OCC,0.43,-1.7614654,2.1914654302597047,2.1914654302597047
CC2(C)C1CCC(C)(C1)C2=O,-1.85,-3.2615535,1.4115535259246825,1.4115535259246825
COc2cnc1cncnc1n2,-0.91,-0.5864781,-0.32352188587188724,0.32352188587188724
ClC2=C(Cl)C3(Cl)C1C=CCC1C2(Cl)C3(Cl)Cl ,-5.64,-6.2602735,0.6202734565734866,0.6202734565734866
CC(C)N(=O)=O,-0.62,-1.0717356,0.45173562049865723,0.45173562049865723
c1ccc2c(c1)[nH]c3ccccc32,-5.27,-5.2671623,-0.0028376770019526987,0.0028376770019526987
OCC(O)C(O)CO,0.7,0.11626379,0.5837362080812454,0.5837362080812454
CCCOC(=O)c1ccc(N)cc1,-2.452,-2.4176176,-0.03438244056701656,0.03438244056701656
CNC(=O)C=C(C)OP(=O)(OC)OC,0.6509999999999999,-0.46366823,1.1146682271957395,1.1146682271957395
O=C1CCC(=O)N1,0.3,-0.8993095,1.199309515953064,1.199309515953064
CCC(C)C(C)C,-4.28,-3.1715107,-1.1084893035888674,1.1084893035888674
CCCCc1c(C)nc(NCC)nc1OS(=O)(=O)N(C)C ,-4.16,-3.379375,-0.7806250190734865,0.7806250190734865
CCN2c1ncccc1N(C)C(=S)c3cccnc23 ,-4.634,-4.1501274,-0.48387258911132847,0.48387258911132847
O2c1ccccc1N(CC)C(=O)c3ccccc23 ,-3.68,-4.537297,0.8572967720031737,0.8572967720031737
C1CCOCC1,-0.03,-1.6776036,1.6476036024093628,1.6476036024093628
CCCCCC#C,-3.01,-2.8494875,-0.16051245689392069,0.16051245689392069
c1cc2ccc(OC)c(CC=C(C)(C))c2oc1=O ,-4.314,-3.5007036,-0.8132964267730713,0.8132964267730713
c1cc(C)cc2c1c3cc4cccc5CCc(c45)c3cc2,-7.92,-7.6280437,-0.2919563484191894,0.2919563484191894
CCOC(=O)c1ccccc1,-2.32,-1.8006043,-0.5193956565856932,0.5193956565856932
ClCC(C)C,-2.0,-2.1714277,0.17142772674560547,0.17142772674560547
CC34CCC1C(CCc2cc(O)ccc12)C3CCC4(O)C#C ,-4.3,-5.4513927,1.1513926506042482,1.1513926506042482
CCCCCCCCCCCC(=O)OC,-4.69,-4.727535,0.03753477096557578,0.03753477096557578
CCCSCCC,-2.58,-2.823746,0.24374596595764153,0.24374596595764153
c1ccc2cc3cc4ccccc4cc3cc2c1,-8.6,-7.7171216,-0.8828783988952633,0.8828783988952633
CCCCCBr,-3.08,-3.8698847,0.7898847293853759,0.7898847293853759
CCCC/C=C/C,-3.82,-3.837227,0.01722710609436051,0.01722710609436051
Cc1ncc(N(=O)=O)n1CCO ,-1.26,-0.94393647,-0.3160635328292847,0.3160635328292847
CCCCCC1CCCC1,-6.08,-5.192012,-0.8879881668090821,0.8879881668090821
Clc1ccc(Cl)c(c1)c2c(Cl)c(Cl)cc(Cl)c2Cl ,-7.42,-7.734655,0.3146549034118653,0.3146549034118653
O=C1NC(=O)NC(=O)C1(CC)C(C)C,-2.148,-1.9186759,-0.2293241004943849,0.2293241004943849
CC(Cl)(Cl)Cl,-2.0,-1.829845,-0.17015504837036133,0.17015504837036133
CON(C)C(=O)Nc1ccc(Cl)cc1,-2.57,-2.8876297,0.31762974739074723,0.31762974739074723
O=C2NC(=O)C1(CCCCC1)C(=O)N2,-3.06,-2.494116,-0.5658839321136475,0.5658839321136475
CN(C)C(=O)OC1=CC(=O)CC(C)(C)C1 ,-0.85,-2.4646394,1.6146394252777099,1.6146394252777099
Cc1ccc(Br)cc1,-3.19,-3.6445749,0.45457488059997564,0.45457488059997564
CCOCC,-0.09,-1.1995001,1.1095000839233398,1.1095000839233398
CC(C)NC(=O)N1CC(=O)N(C1=O)c2cc(Cl)cc(Cl)c2,-4.376,-4.762854,0.3868540992736813,0.3868540992736813
CCCCN(CC)c1c(cc(cc1N(=O)=O)C(F)(F)F)N(=O)=O,-5.53,-5.7656245,0.23562452316284155,0.23562452316284155
Cc1cc(C)c(O)c(C)c1,-2.05,-1.6218503,-0.42814974784851056,0.42814974784851056
c1ccccc1,-1.64,-1.7973825,0.15738247394561777,0.15738247394561777
Clc1ccc(I)cc1,-4.03,-3.6548593,-0.37514069557189966,0.37514069557189966
COc1ccc(NC(=O)N(C)C)cc1Cl,-2.564,-3.0803754,0.5163754329681396,0.5163754329681396
CC(C)N(C(=O)CCl)c1ccccc1 ,-2.48,-3.5781705,1.0981705379486084,1.0981705379486084
C=Cc1ccccc1,-2.82,-2.5001228,-0.31987721443176254,0.31987721443176254
COCOC,0.48,-1.1712573,1.6512572574615478,1.6512572574615478
Cc1ccccc1C,-2.8,-2.6094127,-0.19058732986450178,0.19058732986450178
CCC(C)O,0.47,-0.56483144,1.0348314356803894,1.0348314356803894
Oc1ccc(O)cc1,-0.17,-0.46549016,0.29549016237258907,0.29549016237258907
CC34CCC1C(CCc2cc(O)ccc12)C3CC(O)C4O ,-4.955,-4.8106775,-0.14432247161865241,0.14432247161865241
C1c2ccccc2c3cc4ccccc4cc13,-8.04,-7.3252215,-0.714778461456298,0.714778461456298
O=C1CNC(=O)N1 ,-0.4,-0.46675003,0.06675002574920652,0.06675002574920652
c1(O)cc(O)ccc1CCCCCC,-2.59,-2.254866,-0.33513411521911607,0.33513411521911607
C=CCS(=O)SCC=C,-0.83,-1.2760458,0.44604579925537113,0.44604579925537113
CCOP(=S)(OCC)Oc2ccc1oc(=O)c(Cl)c(C)c1c2,-5.382000000000001,-5.2091846,-0.17281535339355525,0.17281535339355525
Cc1c(C)c2c3ccccc3ccc2c4ccccc14,-7.01,-7.370544,0.360543956756592,0.360543956756592
CCCCC(=O)OC3(C(C)CC4C2CCC1=CC(=O)C=CC1(C)C2(F)C(O)CC34C)C(=O)CO,-4.71,-4.8139005,0.10390047073364261,0.10390047073364261
O=c2[nH]c(=O)c1[nH]c(=O)[nH]c1[nH]2 ,-3.93,-3.26834,-0.6616598892211916,0.6616598892211916
Oc1c(Cl)cc(Cl)c(Cl)c1Cl,-3.1,-3.4917562,0.3917562007904052,0.3917562007904052
Clc1cccc(Cl)c1,-3.04,-2.79052,-0.24948004722595218,0.24948004722595218
Clc1ccc(cc1)C(c2ccc(Cl)cc2)C(Cl)(Cl)Cl,-7.15,-7.282232,0.13223180770873988,0.13223180770873988
CC(C)COC=O,-1.01,-0.5510132,-0.45898682832717896,0.45898682832717896
c1ccccc1SC,-2.39,-2.935775,0.5457750415802001,0.5457750415802001
CCN2c1nc(C)cc(C(F)(F)F)c1NC(=O)c3cccnc23 ,-4.207,-4.648206,0.44120623397827163,0.44120623397827163
CCCCCC,-3.84,-2.257844,-1.5821560287475585,1.5821560287475585
COC(=O)c1cccnc1 ,-0.46,-1.2044618,0.7444618129730225,0.7444618129730225
NS(=O)(=O)c3cc2c(NC(Cc1ccccc1)NS2(=O)=O)cc3C(F)(F)F,-3.59,-5.095095,1.5050951576232912,1.5050951576232912
Clc1ccc(cc1Cl)c2cc(Cl)c(Cl)c(Cl)c2Cl ,-7.82,-7.706941,-0.11305887222290067,0.11305887222290067
CC1(OC(=O)N(C1=O)c2cc(Cl)cc(Cl)c2)C=C,-4.925,-4.4287276,-0.4962723731994627,0.4962723731994627
CCNc1nc(Cl)nc(NC(C)(C)C#N)n1,-3.15,-3.37241,0.22241005897521982,0.22241005897521982
c1ccc2c(c1)c3ccccc3c4ccccc24,-6.726,-7.1986756,0.47267563247680666,0.47267563247680666
CC=C(C(=CC)c1ccc(O)cc1)c2ccc(O)cc2,-4.95,-4.079884,-0.8701159477233888,0.8701159477233888
CCCCC(CC)COC(=O)c1ccccc1C(=O)OCC(CC)CCCC,-6.96,-4.605688,-2.3543119049072265,2.3543119049072265
CCc1ccccn1,0.51,-0.3683619,0.8783618903160095,0.8783618903160095
COP(=O)(OC)OC(Br)C(Cl)(Cl)Br,-2.28,-2.724895,0.44489500045776387,0.44489500045776387
c1ccc(cc1)c2ccccc2,-4.345,-4.3763127,0.03131273269653345,0.03131273269653345
Clc1cc(Cl)c(c(Cl)c1)c2c(Cl)cc(Cl)cc2Cl ,-8.71,-7.748202,-0.9617981529235848,0.9617981529235848
CN(C)c1nc(nc(n1)N(C)C)N(C)C,-3.364,-3.2490718,-0.11492816352844226,0.11492816352844226
CC(C)CC(C)(C)O,-0.92,-1.6483309,0.7283309268951416,0.7283309268951416
O=C2NC(=O)C1(CCCCCC1)C(=O)N2 ,-3.168,-2.4899168,-0.6780831985473634,0.6780831985473634
OCC1OC(O)(CO)C(O)C1O,0.64,0.5989095,0.04109050273895265,0.04109050273895265
Cc1cc(C)cc(O)c1,-1.4,-1.2796977,-0.12030234336853018,0.12030234336853018
ClCC#CCOC(=O)Nc1cccc(Cl)c1,-4.37,-4.374003,0.004002933502197159,0.004002933502197159
CC(=O)Nc1ccc(Cl)cc1,-2.843,-3.236247,0.3932470626831055,0.3932470626831055
Clc1ccc(Cl)c(c1)c2c(Cl)c(Cl)c(Cl)c(Cl)c2Cl,-8.94,-7.832039,-1.1079611206054683,1.1079611206054683
CCC(C)(C)C,-3.55,-2.5287602,-1.0212398052215574,1.0212398052215574
CNc1ccccc1,-1.28,-1.7671123,0.4871122550964355,0.4871122550964355
C=CCC=C,-2.09,-2.0127382,-0.07726177215576158,0.07726177215576158
CC(=O)OCC(=O)C1(O)CCC2C3CCC4=CC(=O)CCC4(C)C3C(O)CC21C,-4.88,-4.694561,-0.18543899536132802,0.18543899536132802
Cc1cc(cc(N(=O)=O)c1O)N(=O)=O,-1.456,-2.3277457,0.8717456760406495,0.8717456760406495
OC3N=C(c1ccccc1Cl)c2cc(Cl)ccc2NC3=O,-3.604,-4.94418,1.3401800117492675,1.3401800117492675
Oc1cccc(Cl)c1,-0.7,-1.4007397,0.7007396697998047,0.7007396697998047
Clc1cccc(Br)c1,-3.21,-3.627439,0.417439022064209,0.417439022064209
NS(=O)(=O)c2cc1c(N=CNS1(=O)=O)cc2Cl ,-3.05,-3.662659,0.6126589298248293,0.6126589298248293
O=C1NC(=O)NC(=O)C1(C)CC,-1.228,-1.363232,0.13523201656341555,0.13523201656341555
OCCOc1ccccc1,-0.7,-1.882228,1.1822280168533326,1.1822280168533326
C(c1ccccc1)c2ccccc2,-4.08,-4.2780805,0.19808046340942376,0.19808046340942376
CCCCCC(O)CC,-1.98,-1.0719868,-0.9080132055282593,0.9080132055282593
CCN(Cc1c(F)cccc1Cl)c2c(cc(cc2N(=O)=O)C(F)(F)F)N(=O)=O,-6.78,-5.9482093,-0.8317907142639163,0.8317907142639163
CC(C)Nc1nc(Cl)nc(NC(C)C)n1,-4.43,-3.5463107,-0.8836893367767331,0.8836893367767331
CCCC(C)CO,-1.11,-1.4713924,0.3613923931121825,0.3613923931121825
CCCCC(C)(C)O,-1.08,-0.62506187,-0.4549381303787232,0.4549381303787232
CCc1ccccc1,-2.77,-2.584489,-0.185510892868042,0.185510892868042
O=C1NC(=O)NC(=O)C1(CC)CC=C(C)C,-2.253,-2.5569477,0.3039477081298827,0.3039477081298827
ClC1C=CC2C1C3(Cl)C(=C(Cl)C2(Cl)C3(Cl)Cl)Cl,-6.317,-6.8419137,0.5249137001037596,0.5249137001037596
CCC(C)C1(CC(Br)=C)C(=O)NC(=O)NC1=O ,-2.647,-2.612349,-0.03465096664428691,0.03465096664428691
CC1(C)C(C(=O)OC(C#N)c2cccc(Oc3ccccc3)c2)C1(C)C,-6.025,-6.341432,0.31643209457397425,0.31643209457397425
COC(C)(C)CCCC(C)CC=CC(C)=CC(=O)OC(C)C,-5.19,-4.5546756,-0.6353244209289555,0.6353244209289555
CCOC(=O)CC,-0.66,-1.5593512,0.8993512058258056,0.8993512058258056
CSc1nc(NC(C)C)nc(NC(C)C)n1,-4.1,-2.9882789,-1.1117211341857907,1.1117211341857907
CC(C#C)N(C)C(=O)Nc1ccc(Cl)cc1,-3.9,-3.9659557,0.06595573425292978,0.06595573425292978
Cc1cc2ccccc2cc1C,-4.72,-4.9250565,0.2050564575195315,0.2050564575195315
Clc1ccc(cc1)c2cc(Cl)ccc2Cl ,-6.25,-6.641253,0.3912529945373535,0.3912529945373535
Clc1ccc(c(Cl)c1)c2cc(Cl)c(Cl)c(Cl)c2Cl ,-7.39,-7.8311415,0.4411414718627933,0.4411414718627933
NC(N)=NC#N ,-0.31,-1.1881704,0.8781704330444335,0.8781704330444335
ClC(Cl)(Cl)N(=O)=O,-2.0,-1.112422,-0.887578010559082,0.887578010559082
Clc1cccc(Cl)c1c2ccccc2 ,-5.21,-5.929219,0.7192187690734864,0.7192187690734864
COc1ccc(C=O)cc1,-1.49,-1.3055315,-0.18446849822998046,0.18446849822998046
CC(=O)Nc1ccc(cc1)N(=O)=O,-2.692,-3.0415552,0.34955516624450667,0.34955516624450667
CCCCCCC(=O)OCC,-2.74,-1.7622855,-0.9777145290374758,0.9777145290374758
CC(=O)Nc1ccc(O)cc1,-1.03,-1.3819584,0.3519583654403686,0.3519583654403686
c2ccc1[nH]ncc1c2 ,-2.16,-1.8313203,-0.328679714202881,0.328679714202881
CC5(C)OC4CC3C2CCC1=CC(=O)C=CC1(C)C2(F)C(O)CC3(C)C4(O5)C(=O)CO ,-4.31,-5.739204,1.4292039299011234,1.4292039299011234
Nc2nc1[nH]cnc1c(=O)[nH]2 ,-3.583,-2.5108078,-1.0721922473907473,1.0721922473907473
COC(=O)C,0.46,-0.58543265,1.0454326486587524,1.0454326486587524
CC34CCC1C(CCC2CC(=O)CCC12C)C3CCC4O ,-4.743,-4.743664,0.0006637878417965482,0.0006637878417965482
CCCC(O)C=C,-0.59,-0.14819098,-0.441809024810791,0.441809024810791
OC(C1=CC2C5C(C1C2=C(c3ccccc3)c4ccccn4)C(=O)NC5=O)(c6ccccc6)c7ccccn7 ,-3.931,-5.9184866,1.9874865951538085,1.9874865951538085
CCCCOCCCC,-1.85,-5.378063,3.528063201904297,3.528063201904297
CCCCCCCCCCCCO,-4.8,-5.159822,0.3598219871520998,0.3598219871520998
CCN2c1nc(N(C)(CCO))ccc1NC(=O)c3cccnc23 ,-3.36,-3.553437,0.19343699455261243,0.19343699455261243
CCCC(C)(C)O,-0.49,-0.63455445,0.1445544457435608,0.1445544457435608
Nc1nc(=O)[nH]cc1F,-0.972,-0.95411193,-0.017888066291809057,0.017888066291809057
CCCCOc1ccc(C(=O)OCC)c(c1)N(CC)CC ,-3.84,-4.207861,0.3678609466552736,0.3678609466552736
CCCCCC(C)(C)O,-1.72,-0.6366621,-1.0833378744125366,1.0833378744125366
Cc1c(C)c(C)c(C)c(C)c1C,-5.23,-3.5666132,-1.6633868026733403,1.6633868026733403
CC(C)c1ccc(C)cc1O,-2.22,-2.5276306,0.307630567550659,0.307630567550659
c2cnc1ncncc1n2,0.02,-0.7641803,0.7841803026199341,0.7841803026199341
CCOP(=S)(OCC)Oc1ccc(cc1)N(=O)=O,-4.66,-4.5225673,-0.13743272781372085,0.13743272781372085
C,-0.9,-1.0948211,0.19482109546661375,0.19482109546661375
c2ccc1NCCc1c2 ,-1.04,-1.289337,0.2493370389938354,0.2493370389938354
O=N(=O)c1cccc2ccccc12,-3.54,-3.6350052,0.09500523567199703,0.09500523567199703
CCC(C)C(=O)C,-0.67,-0.8604115,0.190411524772644,0.190411524772644
Nc1nc(O)nc2nc[nH]c12 ,-3.401,-2.0236166,-1.3773834476470945,1.3773834476470945
OC(CC(c1ccccc1)c3c(O)c2ccccc2oc3=O)c4ccc(cc4)c5ccc(Br)cc5 ,-4.445,-6.5095134,2.0645133781433103,2.0645133781433103
CN(=O)=O,0.26,-0.45770395,0.7177039480209351,0.7177039480209351
CC(C)N(C(C)C)C(=O)SCC(Cl)=C(Cl)Cl,-4.88,-5.221342,0.3413420867919923,0.3413420867919923
C=CCCC=C,-2.68,-3.1794825,0.4994824600219725,0.4994824600219725
c2ccc1[nH]ccc1c2,-1.52,-2.047423,0.5274228858947754,0.5274228858947754
CC34CCC1C(CCC2=CC(=O)CCC12C)C3CCC4=O,-3.69,-3.9792511,0.2892511463165284,0.2892511463165284
CCCCC=C,-3.23,-2.630766,-0.5992340850830078,0.5992340850830078
Cc1cccc(C)c1NC(=O)c2cc(c(Cl)cc2O)S(N)(=O)=O,-3.79,-5.0142303,1.2242302513122558,1.2242302513122558
CCC1CCCCC1,-4.25,-4.5965734,0.3465733528137207,0.3465733528137207
CCCCCCCC(=O)C,-2.58,-0.9549961,-1.625003890991211,1.625003890991211
COC(=O)Nc2nc1ccc(cc1[nH]2)C(=O)c3ccccc3,-3.88,-4.5306926,0.6506925773620607,0.6506925773620607
CC(C)OC(=O)Nc1cccc(Cl)c1,-3.38,-3.2416494,-0.13835061073303212,0.13835061073303212
CCN2c1nc(Cl)ccc1N(C)C(=O)c3cccnc23 ,-4.114,-4.680041,0.5660408363342286,0.5660408363342286
CNC(=O)Oc1cccc2ccccc12,-3.224,-3.7366803,0.5126802692413328,0.5126802692413328
C#C,0.29,-1.3810394,1.6710393810272217,1.6710393810272217
Cc1cncc(C)c1,0.38,-0.1527137,0.5327137011289597,0.5327137011289597
C1C=CCC=C1,-2.06,-2.4673822,0.4073821926116943,0.4073821926116943
CCOC(=O)N(C)C(=O)CSP(=S)(OCC)OCC,-2.518,-2.6781898,0.1601897544860842,0.1601897544860842
CC(O)c1ccccc1,-0.92,-0.7287973,-0.19120268344879154,0.19120268344879154
CC(Cl)CCl,-1.6,-1.8760512,0.2760511875152587,0.2760511875152587
CCCC=C(CC)C=O,-2.46,-1.086819,-1.373180947303772,1.373180947303772
CCOP(=S)(OCC)SCCSCC,-4.23,-4.6083393,0.3783393096923824,0.3783393096923824
CC(=O)OC3(C)CCC4C2CCC1=CC(=O)CCC1(C)C2CCC34C ,-5.284,-5.4389358,0.1549357566833498,0.1549357566833498
Clc1ccc(cc1)c2c(Cl)cccc2Cl ,-6.14,-6.884403,0.744403228759766,0.744403228759766
Fc1cccc(F)c1C(=O)NC(=O)Nc2ccc(Cl)cc2,-6.02,-5.5675282,-0.4524717521667476,0.4524717521667476
Oc1cc(Cl)ccc1Oc2ccc(Cl)cc2Cl,-4.46,-5.2059913,0.745991268157959,0.745991268157959
c1(C(=O)OCCCCCC(C)(C))c(C(=O)OCCCCCC(C)(C))cccc1,-6.6370000000000005,-5.4510474,-1.1859525794982915,1.1859525794982915
CC12CC(O)C3C(CCC4=CC(=O)CCC34C)C2CCC1C(=O)CO,-3.24,-3.473047,0.23304701805114725,0.23304701805114725
Cc1cc(C)cc(C)c1,-3.4,-3.6102045,0.21020445823669442,0.21020445823669442
CCCCCCCCOC(=O)c1ccccc1C(=O)OCCCCCCCC ,-5.115,-5.4573636,0.34236360549926736,0.34236360549926736
CCCCCCCCCCCCCCCO,-6.35,-6.6407475,0.29074754714965856,0.29074754714965856
Clc1cccc(Cl)c1c2c(Cl)cccc2Cl ,-7.39,-7.005942,-0.38405813217163054,0.38405813217163054
O=C1NC(=O)NC(=O)C1(C)C,-1.742,-1.1176372,-0.6243628425598144,0.6243628425598144
CC(C)I,-2.09,-2.0890474,-0.0009525680541990766,0.0009525680541990766
O=N(=O)c1ccccc1N(=O)=O,-3.1,-2.7336326,-0.36636743545532235,0.36636743545532235
CC(C)C(=O)C,-0.12,-0.68270713,0.5627071309089661,0.5627071309089661
CCCCCCCCCCCCCCCC,-8.4,-6.070812,-2.3291877746582035,2.3291877746582035
CC12CCC(CC1)C(C)(C)O2,-1.74,-2.3309772,0.590977201461792,0.590977201461792
Cc2cccc3sc1nncn1c23 ,-2.07,-2.0365036,-0.03349644660949691,0.03349644660949691
CCCCCCC(=O)C,-2.05,-0.9004084,-1.1495916128158568,1.1495916128158568
CCCCCCCCC(=O)OC,-3.38,-4.814895,1.4348951530456544,1.4348951530456544
Fc1ccc(F)cc1,-1.97,-2.388724,0.41872408866882327,0.41872408866882327
O=C1N(C2CCC(=O)NC2=O)C(=O)c3ccccc13,-2.676,-3.4706461,0.7946461429595946,0.7946461429595946
CCCN(CCC)c1c(cc(cc1N(=O)=O)C(F)(F)F)N(=O)=O,-5.68,-5.8863645,0.20636445999145536,0.20636445999145536
CCO,1.1,-1.0892365,2.1892364978790284,2.1892364978790284
O=C2NC(=O)C1(CCCC1)C(=O)N2,-2.349,-2.3890455,0.04004547691345195,0.04004547691345195
c1c(NC(=O)OC(C)C(=O)NCC)cccc1,-1.83,-2.12971,0.2997099590301513,0.2997099590301513
CC(C)=CC3C(C(=O)OCc2cccc(Oc1ccccc1)c2)C3(C)C ,-5.24,-5.603955,0.36395479202270486,0.36395479202270486
CN(C)C(=O)NC1CCCCCCC1,-2.218,-2.0482388,-0.16976124572753903,0.16976124572753903
ClC1(C2(Cl)C3(Cl)C4(Cl)C5(Cl)C1(Cl)C3(Cl)Cl)C5(Cl)C(Cl)(Cl)C24Cl,-6.8,-7.0256567,0.22565670013427752,0.22565670013427752
CCCCCCCCBr,-5.06,-4.329149,-0.7308512306213375,0.7308512306213375
CCCCNC(=O)n1c(NC(=O)OC)nc2ccccc12,-4.883,-3.1524057,-1.7305942611694336,1.7305942611694336
CN(C)c2c(C)n(C)n(c1ccccc1)c2=O ,-0.364,-1.5628252,1.1988252029418947,1.1988252029418947
CCC(O)CC,-0.24,-0.8287253,0.588725278377533,0.588725278377533
Cc1ccc(cc1)N(=O)=O,-2.49,-1.8674918,-0.6225081586837771,0.6225081586837771
CC(C)CCCO,-1.14,-2.285187,1.1451870059967042,1.1451870059967042
CC34CCC1C(CCC2=CC(=O)CCC12O)C3CCC4(O)C#C,-4.57,-4.0598435,-0.5101564598083499,0.5101564598083499
CC(C)OC(=O)C(O)(c1ccc(Br)cc1)c2ccc(Br)cc2 ,-4.93,-5.190499,0.26049882888793974,0.26049882888793974
Nc2cnn(c1ccccc1)c(=O)c2Cl,-2.878,-1.9771419,-0.9008581428527833,0.9008581428527833
CCC(C)(C)O,0.15,-0.4420709,0.5920709013938904,0.5920709013938904
Cc1ccc(O)cc1,-0.73,-0.6617283,-0.06827167749404905,0.06827167749404905
CCOC=O,0.15,-0.36317164,0.5131716370582581,0.5131716370582581
CN(C)c1ccccc1,-1.92,-2.8893182,0.9693182277679444,0.9693182277679444
C1CCC2CCCCC2C1,-5.19,-4.3354373,-0.8545627021789555,0.8545627021789555
CCCCS,-2.18,-1.2145021,-0.9654979038238527,0.9654979038238527
c1ccc2c(c1)c3cccc4ccc5cccc2c5c43,-7.8,-7.606793,-0.19320707321166974,0.19320707321166974
ClC(=C(Cl)Cl)Cl,-2.54,-2.462003,-0.07799700736999515,0.07799700736999515
CCC(=O)CC,-0.28,-1.5704598,1.2904598426818847,1.2904598426818847
C=CC#N,0.15,-0.8035449,0.9535448789596558,0.9535448789596558
CC1CC2C3CC(F)C4=CC(=O)C=CC4(C)C3(F)C(O)CC2(C)C1(O)C(=O)CO,-5.613,-5.0915236,-0.5214763526916508,0.5214763526916508
CCCCC(=O)C,-0.8,-0.9280604,0.12806041240692134,0.12806041240692134
CCNc1nc(NC(C)(C)C)nc(OC)n1,-3.239,-3.247586,0.0085860118865968,0.0085860118865968
CCCCC(C)CC,-5.16,-3.7017763,-1.4582237339019777,1.4582237339019777
BrCCBr,-1.68,-2.6960032,1.0160031986236573,1.0160031986236573
CNC(=O)Oc1ccccc1C(C)C,-2.863,-2.6807191,-0.18228086280822753,0.18228086280822753
O=C1NCCN1c2ncc(s2)N(=O)=O,-3.22,-2.556104,-0.6638960552215578,0.6638960552215578
C1c2ccccc2c3ccc4ccccc4c13,-6.68,-7.305994,0.6259940338134768,0.6259940338134768
COc1ccccc1Cl,-2.46,-2.5269644,0.06696442604064945,0.06696442604064945
COP(=S)(OC)Oc1cc(Cl)c(Br)cc1Cl,-6.09,-5.9827724,-0.10722764968872056,0.10722764968872056
ClC(Cl)CC(=O)NC2=C(Cl)C(=O)c1ccccc1C2=O,-5.03,-4.3275437,-0.7024562644958499,0.7024562644958499
ClC(Cl)C(c1ccc(Cl)cc1)c2ccc(Cl)cc2 ,-7.2,-7.377088,0.1770880699157713,0.1770880699157713
COC(=O)C=C,-0.22,-0.24743155,0.027431546449661254,0.027431546449661254
CN(C)C(=O)Nc2ccc(Oc1ccc(Cl)cc1)cc2,-4.89,-4.648276,-0.24172414779663054,0.24172414779663054
N(=Nc1ccccc1)c2ccccc2,-4.45,-4.024418,-0.42558212280273455,0.42558212280273455
CC(C)c1ccc(C)cc1,-3.77,-4.142962,0.3729619789123535,0.3729619789123535
Oc1c(Cl)cccc1Cl,-1.79,-1.9808677,0.19086774349212643,0.19086774349212643
OCC2OC(OC1(CO)OC(CO)C(O)C1O)C(O)C(O)C2O ,0.79,0.106173895,0.6838261047005654,0.6838261047005654
OC1C(O)C(O)C(O)C(O)C1O,0.35,0.5767566,-0.2267565965652466,0.2267565965652466
Cn2c(=O)n(C)c1ncn(CC(O)CO)c1c2=O,-0.17,-1.6462786,1.4762786197662354,1.4762786197662354
OCC(NC(=O)C(Cl)Cl)C(O)c1ccc(cc1)N(=O)=O,-2.111,-3.043576,0.9325760021209715,0.9325760021209715
CCC(O)(CC)CC,-0.85,-1.2879488,0.4379488468170166,0.4379488468170166
CC45CCC2C(CCC3CC1SC1CC23C)C4CCC5O,-5.41,-5.198611,-0.21138921737670913,0.21138921737670913
Brc1ccccc1Br,-3.5,-3.7642953,0.2642953395843506,0.2642953395843506
Oc1c(Cl)cc(Cl)cc1Cl,-2.34,-3.1839447,0.8439447021484376,0.8439447021484376
CCCN(CCC)c1c(cc(cc1N(=O)=O)S(N)(=O)=O)N(=O)=O,-5.16,-5.5673985,0.40739854812622056,0.40739854812622056
C2c1ccccc1N(CCF)C(=O)c3ccccc23 ,-4.799,-5.299717,0.5007169494628902,0.5007169494628902
CC(C)C(=O)C(C)C,-1.3,-1.3539574,0.05395741462707515,0.05395741462707515
O=C1NC(=O)NC(=O)C1(C(C)C)CC=C(C)C,-2.593,-3.1530821,0.5600821323394776,0.5600821323394776
c1c(O)C2C(=O)C3cc(O)ccC3OC2cc1(OC),-2.943,-2.257952,-0.6850480251312256,0.6850480251312256
Cn1cnc2n(C)c(=O)n(C)c(=O)c12,-0.8759999999999999,-1.4616545,0.5856545438766481,0.5856545438766481
CC(=O)SC4CC1=CC(=O)CCC1(C)C5CCC2(C)C(CCC23CCC(=O)O3)C45,-4.173,-5.1159763,0.942976333618164,0.942976333618164
Cc1ccc(O)cc1C,-1.38,-0.73178345,-0.6482165503501891,0.6482165503501891
O(c1ccccc1)c2ccccc2,-3.96,-3.610813,-0.34918709754943844,0.34918709754943844
Clc1cc(Cl)c(cc1Cl)c2cc(Cl)c(Cl)cc2Cl ,-8.56,-7.67358,-0.8864198303222661,0.8864198303222661
NC(=O)c1cccnc1 ,0.61,-1.1308434,1.7408434009552,1.7408434009552
Sc1ccccc1,-2.12,-2.071709,-0.048291082382202255,0.048291082382202255
CNC(=O)Oc1cc(C)cc(C)c1,-2.5810000000000004,-2.9293585,0.34835848236083944,0.34835848236083944
ClC1CC2C(C1Cl)C3(Cl)C(=C(Cl)C2(Cl)C3(Cl)Cl)Cl,-6.86,-6.9446807,0.08468069076538054,0.08468069076538054
CSSC,-1.44,-2.0929017,0.6529017066955567,0.6529017066955567
NC(=O)c1ccccc1,-0.96,-1.4916478,0.5316478395462036,0.5316478395462036
Clc1ccccc1Br,-3.19,-3.832434,0.6424339389801026,0.6424339389801026
COC(=O)c1ccccc1OC2OC(COC3OCC(O)C(O)C3O)C(O)C(O)C2O,-0.742,-0.3478028,-0.3941972119808197,0.3941972119808197
CCCCC(O)CC,-1.47,-1.0231397,-0.4468602848052978,0.4468602848052978
CCN2c1nc(C)cc(C)c1NC(=O)c3cccnc23 ,-4.553999999999999,-4.3291097,-0.22489033126830993,0.22489033126830993
Oc1cc(Cl)cc(Cl)c1,-1.34,-2.9225292,1.5825292205810546,1.5825292205810546
Cc1cccc2c1ccc3ccccc32,-5.85,-5.736355,-0.11364517211914027,0.11364517211914027
CCCCC(CC)CO,-2.11,-1.6188903,-0.4911097145080565,0.4911097145080565
CC(C)N(C(C)C)C(=O)SCC(=CCl)Cl,-4.2860000000000005,-3.778661,-0.5073389873504643,0.5073389873504643
Cc1ccccc1,-2.21,-1.9375267,-0.2724732971191406,0.2724732971191406
Clc1cccc(n1)C(Cl)(Cl)Cl,-3.76,-3.7853305,0.025330533981323455,0.025330533981323455
C1CCC=CCC1,-3.18,-3.0527332,-0.12726681709289567,0.12726681709289567
CN(C)C(=S)SSC(=S)N(C)C ,-3.9,-3.7257776,-0.17422237396240225,0.17422237396240225
COC1=CC(=O)CC(C)C13Oc2c(Cl)c(OC)cc(OC)c2C3=O,-3.2460000000000004,-4.2736983,1.0276983299255367,1.0276983299255367
CCCCCCCCCCO,-3.63,-4.4259706,0.7959705543518067,0.7959705543518067
CCC(C)(C)CC,-4.23,-2.9425328,-1.2874672222137455,1.2874672222137455
CNC(=O)C(C)SCCSP(=O)(OC)(OC),1.144,-1.1255676,2.2695675554275514,2.2695675554275514
Oc1cc(Cl)c(Cl)c(Cl)c1Cl,-3.15,-3.7277122,0.5777121543884278,0.5777121543884278
CCCC=O,-0.01,-0.5139387,0.5039387249946594,0.5039387249946594
CC4CC3C2CCC1=CC(=O)C=CC1(C)C2(F)C(O)CC3(C)C4(O)C(=O)COC(C)=O ,-4.9,-4.9832892,0.08328924179077113,0.08328924179077113
CCCC,-2.57,-1.888824,-0.681176013946533,0.681176013946533
COc1ccccc1O,-1.96,-0.59010535,-1.3698946452140808,1.3698946452140808
CC1CC2C3CCC(O)(C(=O)C)C3(C)CC(O)C2(F)C4(C)C=CC(=O)C=C14,-4.099,-4.6640506,0.5650505790710447,0.5650505790710447
ClC(Cl)C(Cl)(Cl)Cl,-2.6,-3.0301607,0.43016066551208487,0.43016066551208487
CCOC(=O)c1ccccc1C(=O)OCC,-2.35,-2.752361,0.4023610591888427,0.4023610591888427
CC(C)CO,0.1,-1.0348469,1.1348469018936158,1.1348469018936158
CC(C)Cc1ccccc1,-4.12,-3.8296568,-0.29034316062927257,0.29034316062927257
ICI,-2.34,-1.8630327,-0.47696730136871324,0.47696730136871324
CCCC(O)CCC,-1.4,-1.3971452,-0.0028548479080199307,0.0028548479080199307
CCCCCOC(=O)C,-1.89,-0.64660007,-1.2433999323844909,1.2433999323844909
Oc1c(Cl)c(Cl)cc(Cl)c1Cl,-3.37,-3.7237144,0.35371435165405263,0.35371435165405263
CCCc1ccccc1,-3.37,-2.2708912,-1.0991088104248048,1.0991088104248048
FC(F)(Cl)C(F)(F)Cl,-2.74,-2.586813,-0.15318702697753928,0.15318702697753928
CC=CC=O,0.32,-0.32773936,0.6477393579483033,0.6477393579483033
CN(C)C(=O)N(C)C ,0.94,-0.8927305,1.8327304744720458,1.8327304744720458
Cc1cc(C)c(C)cc1C,-4.59,-4.1900563,-0.3999436759948729,0.3999436759948729
CC(=O)OC3(CCC4C2CCC1=CC(=O)CCC1C2CCC34C)C#C,-4.8,-5.312182,0.5121819496154787,0.5121819496154787
CCOP(=S)(OCC)N2C(=O)c1ccccc1C2=O,-3.35,-4.048599,0.6985987663269042,0.6985987663269042
c1ccccc1NC(=O)c2c(O)cccc2,-3.59,-3.6663156,0.07631555557250991,0.07631555557250991
CCN(CC)C(=S)SCC(Cl)=C,-3.39,-3.5039942,0.11399422645568835,0.11399422645568835
ClCC,-1.06,-1.0635016,0.0035015964508056108,0.0035015964508056108
CC(=O)Nc1cc(NS(=O)(=O)C(F)(F)F)c(C)cc1C,-3.24,-4.123446,0.8834459877014158,0.8834459877014158
O=C(C=CC=Cc2ccc1OCOc1c2)N3CCCCC3,-3.46,-4.6647944,1.2047944450378418,1.2047944450378418
CC/C=C\C,-2.54,-2.792413,0.2524129962921142,0.2524129962921142
CNC(=O)ON=C(CSC)C(C)(C)C ,-1.62,-2.4715383,0.8515383052825927,0.8515383052825927
O=C2NC(=O)C1(CCCCCCC1)C(=O)N2,-2.982,-2.0742624,-0.9077376194000246,0.9077376194000246
c1(C(C)(C)C)cc(C(C)(C)C)cc(OC(=O)NC)c1,-4.24,-4.789123,0.5491230583190916,0.5491230583190916
Oc2cc(O)c1C(=O)CC(Oc1c2)c3ccc(O)c(O)c3,-3.62,-3.5697234,-0.05027663230896007,0.05027663230896007
O=C(c1ccccc1)c2ccccc2,-3.12,-3.3808172,0.2608171749114989,0.2608171749114989
CCCCCCCCCCCCCCCCCCCC,-8.172,-6.962303,-1.2096968383789068,1.2096968383789068
N(Nc1ccccc1)c2ccccc2 ,-2.92,-3.615557,0.6955569553375245,0.6955569553375245
CCC(CC)CO,-1.17,-1.2940865,0.1240864562988282,0.1240864562988282
Oc1ccncc1,1.02,-0.08635014,1.10635014295578,1.10635014295578
Cl\C=C/Cl,-1.3,-2.4645839,1.1645838737487793,1.1645838737487793
CC1CCCC1,-3.3,-4.582619,1.2826191902160646,1.2826191902160646
CC(C)CC(C)O,-0.8,-1.053713,0.2537129640579223,0.2537129640579223
O2c1ccc(N)cc1N(C)C(=O)c3cc(C)ccc23 ,-3.928,-5.0801525,1.1521525115966798,1.1521525115966798
CC(C)(C)CO,-0.4,-1.1476209,0.7476209163665771,0.7476209163665771
CC(C)(C)C(=O)C(Oc1ccc(Cl)cc1)n2cncn2,-3.61,-3.380472,-0.22952805519103991,0.22952805519103991
Cc1cc(no1)C(=O)NNCc2ccccc2,-2.461,-2.3504078,-0.11059216117858872,0.11059216117858872
CC=C,-1.08,-1.7687998,0.6887997817993163,0.6887997817993163
Oc1ccc(Cl)cc1Cc2cc(Cl)ccc2O,-3.953,-4.4752793,0.5222793312072755,0.5222793312072755
CCOC(=O)Nc2cccc(OC(=O)Nc1ccccc1)c2 ,-4.632,-4.163633,-0.4683671302795407,0.4683671302795407
O=C1c2ccccc2C(=O)c3ccccc13,-5.19,-4.811302,-0.37869781494140664,0.37869781494140664
CCCCCCC(C)O,-2.09,-0.7564724,-1.333527591228485,1.333527591228485
CC1=C(C(=O)Nc2ccccc2)S(=O)(=O)CCO1,-2.281,-2.5426347,0.2616347255706786,0.2616347255706786
CCCCc1ccccc1,-4.06,-2.0501878,-2.0098121738433834,2.0098121738433834
O=C1NC(=O)C(=O)N1 ,-0.4,-0.5360837,0.13608369827270506,0.13608369827270506
COP(=S)(OC)Oc1ccc(Sc2ccc(OP(=S)(OC)OC)cc2)cc1,-6.237,-5.7322803,-0.5047197456359864,0.5047197456359864
NS(=O)(=O)c1cc(ccc1Cl)C2(O)NC(=O)c3ccccc23,-3.451,-3.8701253,0.4191252937316894,0.4191252937316894
CC(C)COC(=O)C,-1.21,-0.93128633,-0.2787136650085449,0.2787136650085449
CC(C)C(C)(C)C,-4.36,-3.29828,-1.0617199993133548,1.0617199993133548
Clc1ccc(c(Cl)c1Cl)c2c(Cl)cc(Cl)c(Cl)c2Cl ,-7.66,-7.777507,0.11750682830810533,0.11750682830810533
N#Cc1ccccc1C#N,-2.38,-1.6813643,-0.6986357021331786,0.6986357021331786
Cc1cccc(c1)N(=O)=O,-2.44,-1.5348682,-0.9051317596435546,0.9051317596435546
FC(F)(F)C(Cl)Br ,-1.71,-1.7726405,0.06264046669006351,0.06264046669006351
CNC(=O)ON=C(SC)C(=O)N(C)C,0.106,-1.2969432,1.4029431877136231,1.4029431877136231
CCSCCSP(=S)(OC)OC,-3.091,-2.8130343,-0.2779657039642336,0.2779657039642336
CCC(C)C,-3.18,-2.4746125,-0.7053875255584718,0.7053875255584718
COP(=O)(OC)OC(=CCl)c1cc(Cl)c(Cl)cc1Cl,-4.522,-5.048218,0.5262177734374998,0.5262177734374998
